id,site,address,latitude,longitude,hours,cleaning_frequency,public,content,images,operated_by,author_id,created_at,updated_at
966b0c61-9339-494c-af50-5cf46918b57e,Ashley Falls Comfort Station,"13030 Ashley Falls Drive., 92130",,,24 hrs.,Daily,,,,City of San Diego,,,
3b48cd34-da86-4ec2-90b9-c6519f02f833,Adams Avenue Recreation Center,"3491 Adams Ave., 92116",,,Rec. Center Hours,Daily,,,,City of San Diego,,,
947091dc-d582-40c4-8223-a86dbbf04012,Allied Gardens Pool,"6707 Glenroy St., 92120",,,Aquatic Center Hours,Daily,,,,City of San Diego,,,
c299657d-a3d2-4057-950f-99a61a41095f,Balboa Park - Alcazar Garden Parking Lot Comfort Station,"1363 El Prado, 92101",,,24 hrs.,2x/day,,,,City of San Diego,,,
1a226216-a503-48ca-873c-39da015d64e0,Allied Gardens Recreation Center,"5155 Greenbrier Ave., 92120",,,Rec. Center Hours,Daily,,,,City of San Diego,,,
407c7e3a-23f8-4462-9d1f-8dd871974cdc,Azalea Recreation Center,"2596 Violet Ave., 92105",,,Rec. Center Hours,Daily,,,,City of San Diego,,,
b063e642-51d0-4ab9-8609-6aed008b3997,Balboa Park - Casa de Balboa,"1549 El Prado, 92101",,,Business Hours,2x/day,,,,City of San Diego,,,
df8d1036-7a8b-49e1-a979-c2ac776218a7,Balboa Park - House of Hospitality,"1549 El Prado, 92101",,,Business Hours,2x/day,,,,City of San Diego,,,
e0d0816d-80fa-406f-9e4f-a002a0fe0e9a,Balboa Park - 27th Street and Russ Boulevard Comfort Station,"27th St. & Russ Blvd., 92102",,,24 hrs.,2x/day,,,,City of San Diego,,,
e0fc0d4b-cba8-4726-9954-43c5a972473c,Balboa Park - 28th and Beech Comfort Station,"28th Street and Beech Street, 92102",,,24 hrs.,2x/day,,,,City of San Diego,,,
f7a506d4-25e4-418f-8f5e-e5a30df39c45,Balboa Park - Activity Center,"2145 Park Boulevard, 92101",,,Rec. Center Hours,2x/day,,,,City of San Diego,,,
32a88cc1-53a5-4fa8-b1c0-6bcaff9ee167,Balboa Park - Bud Kearns Pool,"2229 Morley Field Dr., 92101",,,Aquatic Center Hours,Daily,,,,City of San Diego,,,
01033f48-7057-4da4-882a-87ebc9a6e22e,Balboa Park - Casa del Prado,"1800 El Prado, 92101",,,Business Hours,2x/day,,,,City of San Diego,,,
7528043a-d187-417f-ad2c-e73b91052d3a,Balboa Park - Grape Street Dog Off Leash Area Comfort Station,"28th Street and Grape Street, 92102",,,24 hrs.,2x/day,,,,City of San Diego,,,
d9e09a09-0bab-45f9-9ddd-b0118ecb2673,Balboa Park - Municipal Gymnasium,"2111 Pan American Plaza, 92101",,,Rec. Center Hours,2x/day,,,,City of San Diego,,,
9078912e-8d59-49b7-a4c9-a97e6e321884,Balboa Park - Spanish Village,"1770 Village Place, 92101",,,24 hrs.,2x/day,,,,City of San Diego,,,
d5cd38de-3e78-4631-97f3-85799071e23b,Balboa Park - Palisades Building,"2130 Pan American Plaza, 92101",,,Business Hours,2x/day,,,,City of San Diego,,,
856cebdb-4921-4fa3-83e9-ff85d699d17e,Balboa Park - Recital Hall,"2130 Pan American Plaza, 92101",,,During activities/use,2x/day,,,,City of San Diego,,,
f6e69514-343e-4d35-9a68-32de10129f71,Balboa Park - Sixth Avenue at Nutmeg Comfort Station,"6th Avenue and Nutmeg Street, 92103",,,24 hrs.,2x/day,,,,City of San Diego,,,
33eeea74-bbf2-4f3c-8f62-317bb7861a94,Black Mountain Multipurpose Center Joint Use,"9353 Oviedo St., 92129",,,Joint Use Hours,Daily,,,,City of San Diego,,,
5e42c17a-dd53-4ee6-97b0-b54c3ec53941,Balboa Park - Sixth Avenue at Thorn Street Comfort Station,"6th Avenue and Thorn Street, 92103",,,24 hrs.,2x/day,,,,City of San Diego,,,
c6102490-3df0-4b4b-8fd5-14c4ae949e30,Balboa Park - War Memorial Building,"3325 Zoo Drive, 92101",,,Business Hours,2x/day,,,,City of San Diego,,,
5049bdbf-fdde-441d-8a00-c39ce39f8dc9,Balboa Park Golf Clubhouse,"2600 Golf Course Dr., 92102",,,Clubhouse Hours,Daily,,,,City of San Diego,,,
6a93f4f5-1d92-4ee7-ae8e-17ed19e53462,Bay Terraces Comfort Station,"7373 Tooma St., 92139",,,24 hrs.,Daily,,,,City of San Diego,,,
de17cc6a-8477-42ea-a217-7bcf84e1146a,Cadman Recreation Center,"4280 Avati Drive, 92117",,,Rec. Center Hours,Daily,,,,City of San Diego,,,
3bb31747-6791-4d72-bd9d-39018ff2d734,Bay Terraces Community and Senior Center,"7373 Tooma St., 92139",,,Community Ctr Hours,Daily,,,,City of San Diego,,,
1b3af4bf-055a-452e-b9ce-1f48dc08e8c6,Bill Cleator Comfort Station,"4412 Nimitz Blvd., 92107",,,7:00am - Dusk,Daily,,,,City of San Diego,,,
c4e6d4b4-d4b0-4c1f-852b-46d569ebab7a,Canyonside Comfort Station,"12350 Black Mountain Road, 92129",,,7:00am - 8:00pm,Daily,,,,City of San Diego,,,
d5ce77a7-872c-47c5-a15f-10300a0a2158,Canyonside Recreation Center,"12350 Black Mountain Road, 92129",,,Rec. Center Hours,Daily,,,,City of San Diego,,,
332cad7c-11be-419d-9f2e-cbcc8eea4604,Black Mountain/Los Peñasquitos Canyon Park Ranger Station,12005 Black Mountain Rd,,,Ranger Station Hours,Daily,,,,City of San Diego,,,
0f306181-a098-47b7-be5b-17f63be31bf4,Breen Comfort Station,"11103 Polaris Drive, 92126",,,24 hrs.,Daily,,,,City of San Diego,,,
8b13ef64-f556-4495-bcfd-288a85a8373b,Cabrillo Heights Comfort Station #1,"8308 Hurlbut Street, 92123",,,24 hrs.,Daily,,,,City of San Diego,,,
aeb53721-dcf0-4180-b9da-e308b3b4ddff,Cabrillo Heights Comfort Station #2,"8308 Hurlbut Street, 92123",,,24 hrs.,Daily,,,,City of San Diego,,,
6e6293e1-30c0-4d99-b536-7db7adff6a83,Cabrillo Heights Comfort Station #3,"8308 Hurlbut Street, 92123",,,24 hrs.,Daily,,,,City of San Diego,,,
dff38a8a-95fc-402f-8d30-0ccecf36fdaa,Cherokee Point Comfort Station,"3901 Landis St. , 92105",,,24 hrs.,Daily,,,,City of San Diego,,,
44607a46-9365-4b0a-b762-0d65c04ea1a0,Camino Ruiz Comfort Station,"11498 Camino Ruiz, 92126",,,24 hrs.,Daily,,,,City of San Diego,,,
f04025af-4756-4364-90a2-0587064db253,City Heights Recreation Center,"4380 Landis St., 92105",,,Rec. Center Hours,Daily,,,,City of San Diego,,,
ba1fb271-b41b-4d6a-9534-97dce9978ccd,City Heights Swim Center Pool,"4380 Landis St., 92105",,,Aquatic Center Hours,Daily,,,,City of San Diego,,,
7de6c4a3-3791-473f-a291-f721965bcc54,Capehart Dog Off-Leash Area Portable Restroom,"4700 Soledad Mountain Road, 92109",,,24 hrs.,Daily,,,,City of San Diego,,,
60e0a9ba-6789-4928-9946-fd42a0eace80,Clairemont Pool,"3605 Clairemont Dr., 92117",,,Aquatic Center Hours,Daily,,,,City of San Diego,,,
af902c11-21e0-46fa-b08f-2f24cc6b1e0a,Carmel Mountain Ranch-Sabre Springs Comfort Station,"10166 Rancho Carmel Dr., 92128",,,24 hrs.,Daily,,,,City of San Diego,,,
b8a49ab0-ca44-4fe2-927d-3e1406283580,Carmel Mountain Recreation Center,"10166 Rancho Carmel Dr., 92128",,,Rec. Center Hours,Daily,,,,City of San Diego,,,
5ff9efb8-cf58-41a9-b3ea-efa580c5b523,Cypress Canyon Comfort Station,"11470 Cypress Canyon Rd., 92131",,,24 hrs.,Daily,,,,City of San Diego,,,
4c851a33-e36e-48ac-bd57-dc4d7cf7eb41,Carmel Valley Comfort Station,"3751 Townsgate Dr., 92130",,,24 hrs.,Daily,,,,City of San Diego,,,
dd3f203d-b97f-48d1-b37b-fb5480c40735,Carmel Valley Pool,"3777 Townsgate Dr., 92130",,,Aquatic Center Hours,Daily,,,,City of San Diego,,,
38caa08e-da2f-464e-b8fb-5faffdf7d42f,Carmel Valley Recreation Center,"3751 Townsgate Dr., 92130",,,Rec. Center Hours,Daily,,,,City of San Diego,,,
fe6da12b-6a6f-4897-9d70-3841fa1dc610,Carmel Valley Skate Park,"12600 El Camino Real, 92130",,,Skate Park Hours,Daily,,,,City of San Diego,,,
aa532f77-09a1-46fc-9ec5-51bf3331737d,Cesar Chavez Community Center at Larsen Field,"455 Sycamore Rd., 92173",,,Rec. Center Hours,Daily,,,,City of San Diego,,,
81a3faeb-089a-46fc-a922-9d3966048f8d,Cesar Solis Comfort Station,"4901 Del Sol Blvd., 92154",,,24 hrs.,Daily,,,,City of San Diego,,,
9d04178b-d8e7-431f-81ce-6d701fa62f72,Charles Lewis III Memorial Comfort Station,"4632 Home Ave., 92105",,,24 hrs.,Daily,,,,City of San Diego,,,
2506399d-2dbd-4cee-ac7b-eaee6b925e9d,Gompers Comfort Station,"4926 Hilltop Dr., 92102",,,24 hrs.,Daily,,,,City of San Diego,,,
982f0ae2-cb81-4ef8-a765-10dbe8bb362d,Chicano Park Comfort Station,1986 Logan,,,24 hrs.,2x/day,,,,City of San Diego,,,
edc14ea6-8d62-4e4f-a1df-a67bb6ff1d96,Hawk Comfort Station,"4990 Guymon St., 92102",,,24 hrs.,Daily,,,,City of San Diego,,,
a0e3d37f-1f55-454c-83a5-2124d5b984dd,Cliffridge Comfort Station,"8301 Cliffridge Dr., 92037",,,24 hrs.,Daily,,,,City of San Diego,,,
b9022fba-382f-424f-9247-67867eb4a924,Hourglass Comfort Station,"9490 Gold Coast Dr., 92126",,,24 hrs.,Daily,,,,City of San Diego,,,
72b88e4d-2693-4867-a3df-cc7b48db9441,Hourglass Pool,"10440 Black Mtn. Rd., 92126",,,Aquatic Center Hours,Daily,,,,City of San Diego,,,
ecfd7b5a-a284-4856-8fc6-205e1d05c1af,Dana Middle School Comfort Station,"1775 Chatsworth Blvd., 92106",,,Joint Use Hours,Daily,,,,City of San Diego,,,
b0cf1526-75e5-4355-9ed6-592e88b35e02,De Portola Middle School Comfort Station,"11010 Clairemont Mesa Blvd., 92124",,,Joint Use Hours,Daily,,,,City of San Diego,,,
ecafd570-a896-45e1-9f4e-5e93946e3f06,La Jolla Recreation Center,"615 Prospect Street, 92037",,,24 hrs.,Daily,,,,City of San Diego,,,
e272337d-d367-4fec-8770-fb5e1688834b,Del Sur Comfort Station,"Paseo Montenero & Old Stonefield Chase, 92127",,,24 hrs.,Daily,,,,City of San Diego,,,
3b21dd37-25af-4e09-bfc0-b1f1a89f4945,Dennis V. Allen Comfort Station,"800 Boundary St., 92102",,,24 hrs.,Daily,,,,City of San Diego,,,
310be7be-191c-48c8-a85d-9e4abf43556d,Dorothy Petway Comfort Station,"1367 Rigel St., 92113",,,24 hrs.,Daily,,,,City of San Diego,,,
d972e82e-b8d4-4ad5-b341-0e8939e48ef8,Lopez Ridge Recreation Center,"7245 Calle Cristobal, 92126",,,Rec. Center Hours,Daily,,,,City of San Diego,,,
9816806f-664e-401f-9c6e-e54f3f6572aa,Doyle Community Park Comfort Station #1,"3950 Berino Court, 92122",,,24 hrs.,Daily,,,,City of San Diego,,,
ff43c399-5a34-4bbf-921a-3e97079fb018,Doyle Community Park Comfort Station #2,"3950 Berino Court, 92122",,,24 hrs.,Daily,,,,City of San Diego,,,
e37c9212-5e5c-4e19-bedb-10113a7c10ff,Doyle Community Park Recreation Center,"3950 Berino Court, 92122",,,Rec. Center Hours,Daily,,,,City of San Diego,,,
92c33d06-7e04-4163-8572-96a1dcf5379a,Dusty Rhodes Comfort Station,"2500 Sunset Cliffs Blvd.,92107",,,8:00am - Dusk,Daily,,,,City of San Diego,,,
92a0ce47-11cc-41e3-85df-21eb11bf8734,Memorial Pool,"2902 Marcy Ave., 92113",,,Aquatic Center Hours,Daily,,,,City of San Diego,,,
1e662394-a715-4087-97eb-fc9eca5a4d78,Mid-City Gymnasium,"4302 Landis St., 92105",,,Rec. Center Hours,Daily,,,,City of San Diego,,,
56cb75fe-2cb2-4a25-baa4-b8490585dde8,East Clairemont Athletic Area Comfort Station,"3451 Mt. Acadia Boulevard, 92111",,,24 hrs.,Daily,,,,City of San Diego,,,
aef3abc0-6ba7-46f3-a21c-2d4dc192fc92,Mira Mesa Comfort Station,"8575 New Salem Street, 92126",,,24 hrs.,Daily,,,,City of San Diego,,,
bbef4fee-8c7e-4453-867e-8558b1562147,Mira Mesa Gil Johnson Recreation Center,"8575 New Salem Street, 92126",,,Rec. Center Hours,Daily,,,,City of San Diego,,,
c317c765-0f31-402a-9d6b-a2ccb1729dd6,Elizabeth Rabbitt Comfort Station,"6622 Duck Pond Lane, 92130",,,24 hrs.,Daily,,,,City of San Diego,,,
cd8658ab-4772-4672-84a6-dbb1c9a96f3c,Miramar Overlook Comfort Station,"11417 Scripps Ranch Blvd, 92131",,,7:00am - Dusk,Daily,,,,City of San Diego,,,
8eb8d35a-bf24-4294-93c7-35242a9bfeac,Ellen Browning Scripps (La Jolla Cove) Comfort Station,"1146 Coast Blvd., 92037",,,24 hrs.,2x/day,,,,City of San Diego,,,
8828b40e-e928-4186-9416-e5ad7ba8e62e,Mission Bay Golf Clubhouse,"2702 N. Mission Bay Dr., 92109",,,Clubhouse Hours,2x/day,,,,City of San Diego,,,
3996ec06-6428-4f39-8073-efd812f09beb,Emerald Hills Comfort Station,"1501 Kelton Road, 92114",,,24 hrs.,Daily,,,,City of San Diego,,,
7d289f28-f070-423e-96f0-7f53b8d90258,Encanto Comfort Station,"6508 Wunderlin Ave., 92114",,,24 hrs.,Daily,,,,City of San Diego,,,
e0fcf249-beda-4017-92b4-21a1ea50b283,Encanto Recreation Center,"6508 Wunderlin Ave., 92114",,,Rec. Center Hours,Daily,,,,City of San Diego,,,
88fe825f-0799-479e-b1ab-5bc8e8130a98,Encanto Teen Center,"6508 Wunderlin Ave., 92114",,,Teen Center Hours,Daily,,,,City of San Diego,,,
51646aa0-71b7-4b29-a56c-fd6e00705c32,Mission Bay Park - Fiesta Island Youth Camp Comfort Station,"1750 Fiesta Island Rd, 92109",,,24 hrs.,2x/day,,,,City of San Diego,,,
db5feea7-6e82-4e7d-84e4-5c25927aa9ac,,Mission Bay Park - Robb Field Jim Howard Hall,,,"2525 Bacon Street, 92107",Building Hours,,,,2x/day,City of San Diego,,
76e1961e-0e5f-41f8-972f-06f9f6610815,Mission Bay Park - Robb Field Recreation Center,"2525 Bacon Street, 92107",,,Rec. Center Hours,2x/day,,,,City of San Diego,,,
6d6b0c86-6902-4494-8ad1-bea7bae4c36e,Mission Bay Park - Robb Field Restroom #1,"2525 Bacon Street, 92107",,,During Field Use,2x/day,,,,City of San Diego,,,
9e016d6b-2fc5-49ec-8948-caab20470066,Mission Bay Park - Robb Field Restroom #2,"2525 Bacon Street, 92107",,,8:00am - Dusk,2x/day,,,,City of San Diego,,,
b07c7bf2-9da7-440f-8ad6-8b050acde7e5,Faultline Park,14th Street and Island Avenue,,,6:00am - 9:00pm,Daily,,,,City of San Diego,,,
110ee2ed-d4d4-4659-be33-16cf555767c3,Mission Beach Park/Belmont Park - Ocean Front Walk at South Parking Lot Comfort Station,"3146 Mission Blvd, San Diego, CA 92109",,,24 hrs.,2x/day,,,,City of San Diego,,,
8dc91fce-9875-4e68-9960-ad6ac6420d4c,Mission Beach Park/Belmont Park - Ocean Front Walk/Ventura Place Comfort Station,"3146 Mission Blvd, San Diego, CA 92109",,,24 hrs.,2x/day,,,,City of San Diego,,,
916d3bad-b8b6-4f9a-a57b-eb36901f9d5c,Golden Hill Comfort Station #1,"27th St. & Russ Blvd., 92102",,,24 hrs.,Daily,,,,City of San Diego,,,
9693e22b-bb80-498c-89f2-459ac7e29c62,Golden Hill Recreation Center,2600 Golf Course Dr. 92102,,,Rec. Center Hours,Daily,,,,City of San Diego,,,
a788e5b3-c7ea-478e-8036-5d9700c7d8c0,Grant Hill Portable Restroom,"2632 J St, 92102",,,24 hrs.,Daily,,,,City of San Diego,,,
0b3b9c60-b426-4c46-be2b-a827176a3533,Highland Ranch Comfort Station,"12140 Eastbourne Road, 92128",,,24 hrs.,Daily,,,,City of San Diego,,,
7afb02a2-dd74-4b77-9212-66b04b78366a,North Clairemont Recreation Center,"4421 Bannock Avenue, 92117",,,Rec. Center Hours,Daily,,,,City of San Diego,,,
a9b373c7-43b7-4cff-9a3b-bb2e3bc24afa,North Park Comfort Station,"4044 Idaho St., 92104",,,24 hrs.,Daily,,,,City of San Diego,,,
c5418944-3db6-4371-a868-dfe09cfa305a,Hilltop Recreation Center,"14000 McEntee St., 92129",,,Rec. Center Hours,Daily,,,,City of San Diego,,,
ba1560d6-2d6a-4183-b77d-80089f42d019,North Park Recreation Center,"4044 Idaho St., 92104",,,Rec. Center Hours,Daily,,,,City of San Diego,,,
ae375a26-d174-4995-99c4-421f4bfc8009,Hollywood Comfort Station,"2301 Shamrock St., 92105",,,24 hrs.,Daily,,,,City of San Diego,,,
6786b800-63b9-4aca-860d-011a54f5b80f,Ocean Air Comfort Station,"4770 Fairport Ave, 92130",,,24 hrs.,Daily,,,,City of San Diego,,,
62bd9084-0357-4572-990c-08d0e0094cbf,Ocean Air Recreation Center,"4770 Fairport Ave, 92130",,,Rec. Center Hours,Daily,,,,City of San Diego,,,
e8376b4c-9975-422d-813f-1eb897346413,Jerabek Comfort Station,"10150 Avenida Magnifica, 92131",,,24 hrs.,Daily,,,,City of San Diego,,,
5f86bbf3-0a5c-44c8-b0c3-3cf0de29cc9a,Otay Valley Regional Park Ranger Station,"2155 Beyer Boulevard, 92154",,,8:00am - 5:00pm,Daily,,,,City of San Diego,,,
67824131-84e3-4fb3-bac7-6f5c19b0f4a8,John F. Kennedy Comfort Station,"4825 Ocean View Bl., 92113",,,24 hrs.,Daily,,,,City of San Diego,,,
0c7d959c-581d-4851-9f2d-891a64f0d413,Pacific Beach Recreation Center,"1405 Diamond Street, 92109",,,Rec. Center Hours,Daily,,,,City of San Diego,,,
6f4b6596-179b-4377-b085-38abc20b4fa6,Kate Sessions Memorial Comfort Station,"5115 Soledad Road, 92109",,,24 hrs.,Daily,,,,City of San Diego,,,
11ed7ea7-d633-4e17-904a-d26a99d6c41c,Pacific Highlands Ranch Community Park Comfort Station,"5977 Village Center Loop Road, 92130",,,24 hrs.,Daily,,,,City of San Diego,,,
e0e8ae6b-dc8b-4c06-9a4f-91fb43f35a82,Kearny Mesa Comfort Station #1,"3170 Armstrong Street, 92111",,,24 hrs.,Daily,,,,City of San Diego,,,
4a24bafb-6451-4548-9b7e-def45df2c23a,Kearny Mesa Comfort Station #2,"3170 Armstrong Street, 92111",,,24 hrs.,Daily,,,,City of San Diego,,,
8c5eb46e-1d2b-46cc-8b30-d5dbc4498935,Kearny Mesa Pool,"3170 Armstrong Street, 92111",,,Aquatic Center Hours,Daily,,,,City of San Diego,,,
c62acfd3-6d27-4a62-b2a4-547891038e97,Kearny Mesa Recreation Center,"3170 Armstrong Street, 92111",,,Rec. Center Hours,Daily,,,,City of San Diego,,,
345f1c49-ae3f-48d3-a421-48230c9e4421,Paradise Hills Comfort Station,"6610 Potomac St., 92139",,,24 hrs.,Daily,,,,City of San Diego,,,
cf473bfe-cfe1-40b1-9403-e1cf1f5f4d49,Paradise Hills Recreation Center,"6610 Potomac St., 92139",,,Rec. Center Hours,Daily,,,,City of San Diego,,,
ecc268c9-571a-4e5d-8706-07b77a165438,Keiller Comfort Station,"7400 Lisbon St., 92114",,,24 hrs.,Daily,,,,City of San Diego,,,
51c3fe53-cad9-4d75-a7ba-7046041af855,Penn Athletic Field Recreation Center (School of Creative and Performing Arts),"2425 Dusk Ave., 92139",,,Rec. Center Hours,Daily,,,,City of San Diego,,,
51f3e79a-6c73-44b0-ac4a-f6f331c08dae,Kellogg (La Jolla Shores) Comfort Station North,"8300 Camino Del Oro, 92037",,,24 hrs.,2x/day,,,,City of San Diego,,,
134bf9c0-ad6f-45a4-ace3-1a727d89c449,Kellogg (La Jolla Shores) Comfort Station South,"8300 Camino Del Oro, 92037",,,24 hrs.,2x/day,,,,City of San Diego,,,
77b2269e-eb00-4533-82d7-99253ee676e3,Kelly Street Comfort Station,"6640 Kelly Street, 92111",,,24 hrs.,Daily,,,,City of San Diego,,,
bc58be57-c2c4-490e-8c7b-d33cf88c48d3,Lake Murray Comfort Station,"7051 Murray Park Drive, 92120",,,Sunrise to Sunset,Daily,,,,City of San Diego,,,
008b40ab-79db-4493-acff-ca22743e7383,Lakeview Comfort Station,"10788 Mira Lago Trail, 92131",,,7:00am - Dusk,Daily,,,,City of San Diego,,,
770a898c-1ee6-4c1a-a078-6dafa9f7041c,Linda Vista Comfort Station,"6842 Osler St, 92111",,,9:00am - 9:00pm,Daily,,,,City of San Diego,,,
2515b44c-4c1b-4d44-9772-f18901f67b5e,Linda Vista Gymnasium,"6842 Osler St, 92111",,,Gym Hours,Daily,,,,City of San Diego,,,
acff79ab-8e0b-445b-b770-d19680f2c36a,Linda Vista Recreation Center,"7064 Levant St., 92111",,,Rec. Center Hours,Daily,,,,City of San Diego,,,
346e3330-6e72-4976-a141-c72709abb66b,Lindbergh Comfort Station,"4141 Ashford Street, 92111",,,24 hrs.,Daily,,,,City of San Diego,,,
c337e8c3-c8d1-40e4-bcc7-8b5a287a23ef,San Ysidro Community Center (Casa Familiar),"247 E Park Ave., 92173",,,Rec. Center Hours,Daily,,,,City of San Diego,,,
16608198-f557-45e6-b476-8362a636d905,Marie Widman Memorial Comfort Station,"6727 Imperial Ave., 92114",,,24 hrs.,Daily,,,,City of San Diego,,,
1b129bd4-06c5-4902-a178-8a6d2b9cf2d5,Marshall Middle School Comfort Station,"9700 Avenue of Nations, 92131",,,Joint Use Hours,Daily,,,,City of San Diego,,,
7e153667-5b04-4ab4-851a-b0e8eaa59ae3,Serra Mesa Recreation Center,"9020 Village Glen Drive, 92123",,,Rec. Center Hours,Daily,,,,City of San Diego,,,
734299e7-ba0e-40e4-8873-3c387eb3d3f8,"Martin Luther King, Jr. Comfort Station","6407 Skyline Dr., 92114",,,24 hrs.,Daily,,,,City of San Diego,,,
0438dda3-945a-4ae9-a41e-a3c9d4e6604d,"Martin Luther King, Jr. Pool","6407 Skyline Dr., 92114",,,Aquatic Center Hours,Daily,,,,City of San Diego,,,
e9633b40-47a2-48e3-a521-2095d70fcceb,Skyline Hills Comfort Station,"8285 Skyline Dr., 92114",,,Rec. Center Hours,Daily,,,,City of San Diego,,,
5d451463-8415-4911-afc0-9b9bf9cab97d,Skyline Hills Recreation Center,"8285 Skyline Dr., 92114",,,Rec. Center Hours,Daily,,,,City of San Diego,,,
b31dd870-c44c-451b-9a5f-39032ec785b7,"Martin Luther King, Jr. Recreation Center","6407 Skyline Dr., 92114",,,Rec. Center Hours,Daily,,,,City of San Diego,,,
fcdfbcdc-5c97-4c90-a155-c2e671370d0c,Memorial Comfort Station,"2947 Ocean View Blvd., 92113",,,24 hrs.,Daily,,,,City of San Diego,,,
c0c065ec-006c-4bf9-80e7-62636b10bca8,Memorial Dolores Magdaleno Recreation Center,"2947 Ocean View Blvd., 92113",,,Rec. Center Hours,Daily,,,,City of San Diego,,,
badb4ce6-6e1b-40d3-b9e9-6e3e1bd1632d,South Creek Comfort Station,"12245 Wickerbay Cove, 92128",,,24 hrs.,Daily,,,,City of San Diego,,,
0fab9a09-51fe-4270-8a99-f382eb917abf,Mira Mesa Comfort Station,"8460 Mira Mesa Blvd., 92126",,,Senior Center Hours,Daily,,,,City of San Diego,,,
b189c73b-ae65-4941-a5e0-156ae2df28b4,South Village Comfort Station,"9353 Oviedo Street, 92129",,,24 hrs.,Daily,,,,City of San Diego,,,
b9d8d228-fc15-4a2c-a145-82e2671b2748,Mission Bay Athletic Area/Bob McEvoy Field Comfort Station,"2697 Grand Ave., 92109",,,24 hrs.,Daily,,,,City of San Diego,,,
a1c644c8-60a4-4fff-a811-0500a2b60114,Stockton Recreation Center – King Chavez Elementary School,"415 31st St., 92102",,,Rec. Center Hours,Daily,,,,City of San Diego,,,
dbe23f63-1032-4cde-8cd0-e713526665be,Mission Bay Park - Bonita Cove East Comfort Station,"1100 W Mission Bay Dr, 92109",,,24 hrs.,2x/day,,,,City of San Diego,,,
cf730b5a-968f-4f43-8bba-83a9d641fa70,Swanson Pool,"3585 Governor Dr., 92122",,,Aquatic Center Hours,Daily,,,,City of San Diego,,,
ebf73d2a-f039-461a-bc81-e99892d62f9f,Mission Bay Park - Bonita Cove West Comfort Station,"1100 W Mission Bay Dr, 92109",,,24 hrs.,2x/day,,,,City of San Diego,,,
722dceb7-5a66-499b-9a86-280b0fb0a5f6,Mission Bay Park - Hospitality Point Comfort Station,"2536 Quivira Ct, 92109",,,24 hrs.,2x/day,,,,City of San Diego,,,
b63b990b-347e-43e4-b04c-902372c60879,East Village Green - 1330 G Street Portable Restroom,"1330 G Street, 92101",,,24 hrs.,3x/day Temp,,,,City of San Diego,,,
77a1b6da-e993-4328-b1d2-993b3d053d06,16th Street and Imperial Avenue Portable Restrooms,"101 16th Street, 92101",,,24 hrs.,3x/day Temp,,,,City of San Diego,,,
b7120ff7-09e1-414b-8d18-c275ba8430dd,City Adminstration Building,"202 C Street, 92101",,,24 hrs.,6x/day,,,,City of San Diego,,,
76827e6f-be8d-42cd-a935-a0c189145674,Mission Bay Park - Mission Point Comfort Station,"2600 Bayside Ln, 92109",,,24 hrs.,2x/day,,,,City of San Diego,,,
bfb17e2d-ebde-45bd-835a-3625fff2d60a,Park de la Cruz Community Center,"3901 Landis St, 92105",,,Rec. Center Hours,Daily,,,,City of San Diego,,,
4f0e335a-a52c-4e2c-8b13-ca6b1a6aa0c1,Park de la Cruz Gymnasium,"3901 Landis St, 92105",,,Rec. Center Hours,Daily,,,,City of San Diego,,,
9bcebfa6-4012-4791-bd1a-5bbf38e31207,Old San Ysidro Library,"101 West San Ysidro Blvd, 92173",,,Rec. Center Hours,Daily,,,,City of San Diego,,,
b4f504c4-a020-4af4-8bcd-df621d56ad91,Tierrasanta Pool,"11238 Clairemont Mesa Bl., 92124",,,Aquatic Center Hours,Daily,,,,City of San Diego,,,
f9ff40e5-888d-4c9f-bc34-3c3c6594555e,Torrey Hills Comfort Station,"4262 Calle Mejillones, 92130",,,24 hrs.,Daily,,,,City of San Diego,,,
ac52953c-58fd-4454-8f68-b5098ec9d923,Mission Bay Park - Santa Clara Point North Comfort Station,"1008 Santa Clara Pl., 92109",,,24 hrs.,2x/day,,,,City of San Diego,,,
9489d12f-b355-4a9a-8dbc-a23b6e6e7fa7,Vista Pacifica Comfort Station,"6066 Avenida de las Vistas, 92154",,,24 hrs.,Daily,,,,City of San Diego,,,
d2ab79fe-67ab-44a9-afa9-00cb3da59c04,Mission Bay Park - Playa Pacific 1 Comfort Station,"1093 E Mission Bay Dr, 92109",,,24 hrs.,2x/day,,,,City of San Diego,,,
6346abdf-0292-468b-aea6-a720167989d4,Vista Terrace Comfort Station,"301 Athey Ave., 92173",,,24 hrs.,Daily,,,,City of San Diego,,,
c77a73f5-76cb-4685-8665-6882d16b25a0,Vista Terrace Pool,"301 Athey Ave., 92173",,,Aquatic Center Hours,Daily,,,,City of San Diego,,,
106ba6f0-9768-4dbc-8f8c-43f02fb53c43,Mission Bay Park - Playa Pacific 2 Comfort Station,"1093 E Mission Bay Dr, 92109",,,24 hrs.,2x/day,,,,City of San Diego,,,
4182bd6d-3b11-4ef9-914a-f80d5c795079,Wegeforth Elementary School Comfort Station,"3443 Ediwhar Ave., 92123",,,During joint use hours,Daily,,,,City of San Diego,,,
ab7e4a04-28db-415c-a529-020a590bd9c7,Mission Bay Park - Playa Pacific 3 Comfort Station,"1093 E Mission Bay Dr, 92109",,,24 hrs.,2x/day,,,,City of San Diego,,,
da9be9bf-dc9a-426e-8f17-94747e32ba40,Mission Bay Park - Robb Field Restroom #3,"W. Pt. Loma Blvd. & Bacon St., 92107",,,8:00am - Dusk,2x/day,,,,City of San Diego,,,
42f42ce7-b402-4c07-b090-7eb062618b0e,Mission Bay Park - Santa Clara Recreation Center,"1008 Santa Clara Pl., 92109",,,Rec. Center Hours,2x/day,,,,City of San Diego,,,
75ebe089-aea1-437e-b330-76a063ce176e,Mission Bay Park - Sunset Point Comfort Station,"1400 Dana Landing Rd, 92109",,,24 hrs.,2x/day,,,,City of San Diego,,,
df3f5754-9324-4457-a006-1b3e7c0a68aa,Mission Bay Park - Tecolote North Comfort Station,"1740 E Mission Bay Dr, 92109",,,24 hrs.,2x/day,,,,City of San Diego,,,
889f9828-ba1c-41b8-9996-c085401939b1,Mission Bay Park - Tecolote South Comfort Station,"1740 E Mission Bay Dr, 92109",,,24 hrs.,2x/day,,,,City of San Diego,,,
5c8aaabb-105b-4a92-9916-c26785425e0e,Mission Bay Park - Ventura Point Comfort Station,"3211 Gleason Road, 92109",,,24 hrs.,2x/day,,,,City of San Diego,,,
bda6db81-17f4-4728-b562-25eb8a672074,Mission Hills Comfort Station,"1586 Washington Place, 92103",,,24 hrs.,2x/day,,,,City of San Diego,,,
9a342ffb-67cf-4427-a0ce-f0100ed089e7,Mission Trails Cowles Mountain Comfort Station,"7001 Golfcrest Drive, 92119",,,24 hrs.,Daily,,,,City of San Diego,,,
586da5cc-f214-4096-b786-8c2ca2730245,Mountain View Comfort Station,"551 S. 40th St., 92113",,,24 hrs.,Daily,,,,City of San Diego,,,
985fa74a-b4f4-4223-bd93-436e12d3198f,Mountain View Recreation Center,"551 S. 40th St., 92113",,,Rec. Center Hours,Daily,,,,City of San Diego,,,
082457b2-45ee-42b8-8c88-c093b172e0e2,Mt. Acadia Comfort Station,"3865 Mt Acadia Boulevard, 92111",,,24 hrs.,Daily,,,,City of San Diego,,,
80c54834-30be-46e3-9cd7-d328a7630e0a,Mt. Etna Comfort Station,"4741 Mt Etna Drive, 92117",,,24 hrs.,Daily,,,,City of San Diego,,,
05b78e8c-afe6-4761-8387-30a88c8820fe,Naval Training Center Comfort Station #1,"Cushing Rd. & Rosevelt, 92106",,,Sunrise to Sunset,Daily,,,,City of San Diego,,,
cb8b4d56-2f69-475e-9111-5b136a623f0e,Naval Training Center Comfort Station #2,"Cushing Rd. & Farragut St., 92106",,,Sunrise to Sunset,Daily,,,,City of San Diego,,,
8f36d00b-2621-45e0-8daa-ca71ae5b3d45,Naval Training Center Comfort Station #3,"2775 1/3 Cushing Rd., 92106",,,Sunrise to Sunset,Daily,,,,City of San Diego,,,
55321187-c1b3-4e67-b38a-f5db7746dc8c,North Park Adult Center,2719 Howard Avenue,,,Adult Center Hours,Daily,,,,City of San Diego,,,
1f00057d-c810-4d50-a786-633a66155c5b,Ocean Beach Recreation Center,"1984 Ebers St., 92107",,,Rec. Center Hours,Daily,,,,City of San Diego,,,
ce77988c-152a-47ac-b8d9-b7437365db21,Olive Grove Comfort Station,"6075 Printwood Way, 92117",,,24 hrs.,Daily,,,,City of San Diego,,,
9baec608-ca76-4225-af13-e7b457e48b61,Palm Ridge Comfort Station,"751 Firethorn St., 92154",,,24 hrs.,Daily,,,,City of San Diego,,,
6f6a4976-ed50-4a8c-bd1a-5e236d8e5c33,Peñasquitos Skate Park Restroom,"10129 Carmel Mountain Rd., 92129",,,Skate Park Hours,Daily,,,,City of San Diego,,,
f63ba008-e705-487f-babb-6de3f6431212,Presidio Park Recreation Center,"2811 Jackson St., 92110",,,Rec. Center Hours,2x/day,,,,City of San Diego,,,
30d9a039-b337-446c-baa8-b1ffa4e4a164,Rancho Bernardo Comfort Station #1,"18448 W Bernardo Drive, 92127",,,24 hrs.,Daily,,,,City of San Diego,,,
13785612-dfd3-4542-be3b-875c6a08d9cf,Rancho Bernardo Comfort Station #2,"18448 W Bernardo Drive, 92127",,,24 hrs.,Daily,,,,City of San Diego,,,
ef8b635c-0d33-4992-bdb9-97076f6a949d,Rancho Bernardo Ed Brown Senior Center,"18402 W Bernardo Drive, 92127",,,Senior Center Hours,Daily,,,,City of San Diego,,,
33b2d17e-b5e7-4068-b98c-700b6f45438c,Rancho Bernardo Recreation Center,"18448 W Bernardo Drive, 92127",,,Rec. Center Hours,Daily,,,,City of San Diego,,,
0c3533a2-a32d-4a50-adba-b6c669477dcb,Robert Egger-South Bay Recreation Center,"1885 Coronado Ave., 92154",,,Rec. Center Hours,Daily,,,,City of San Diego,,,
8481d2ab-93ef-4463-b120-7d4ea2c981a7,Sabre Springs Comfort Station,"12953 Sabre Springs Parkway, 92128",,,24 hrs.,Daily,,,,City of San Diego,,,
90d5bd27-c9e5-45c4-9e7f-125abcfa46e4,Sage Canyon Comfort Station,"5252 Harvest Run Drive, 92130",,,24 hrs.,Daily,,,,City of San Diego,,,
71627b8d-6982-4e75-bf1d-24cc096e7f7c,Scripps-Miramar Ranch Comfort Station,"11424 Blue Cypress Dr., 92131",,,24 hrs.,Daily,,,,City of San Diego,,,
d51fb8e3-f9b7-4305-b5b2-763da6c8998e,Scripps-Miramar Ranch Recreation Center,"11424 Blue Cypress Dr., 92131",,,Rec. Center Hours,Daily,,,,City of San Diego,,,
530cb7d6-c357-48b9-8235-0b0b7f5e1d95,Sefton Fields Portable Restroom,"2508 Hotel Circle Place, 92108",,,During field use,Daily,,,,City of San Diego,,,
5d82397d-0ef4-4bc1-b660-f6d3c74449d1,Silver Wing Comfort Station,"3737 Arey Dr. , 92154",,,24 hrs.,Daily,,,,City of San Diego,,,
d6e75e8f-445b-4205-a6d1-f9664b853110,Silver Wing Recreation Center,"3737 Arey Dr. , 92154",,,Rec. Center Hours,Daily,,,,City of San Diego,,,
4ea163bb-6118-4959-9430-f2e59c2ef1aa,Solana Ranch Park Comfort Station,13605 Pacific Highlands Ranch Pkwy 92130,,,24 hrs.,Daily,,,,City of San Diego,,,
ea210ace-35b8-46eb-af6c-34ce8b928edf,South Clairemont Recreation Center,"3577 Clairemont Dr., 92117",,,Rec. Center Hours,Daily,,,,City of San Diego,,,
b6f827b8-90b4-4a56-b380-77470c7adf34,Southcrest Comfort Station,"1297 S 40th St, 92113",,,24 hrs.,Daily,,,,City of San Diego,,,
b18b54a2-afcf-46e2-b2c2-b29b3a21d6bf,Southcrest Recreation Center,"1297 S 40th St, 92113",,,Rec. Center Hours,Daily,,,,City of San Diego,,,
9df28374-31eb-44eb-b4a7-80b00aadd3fe,Southcrest Teen Center,"1297 S 40th St, 92113",,,Teen Center Hours,Daily,,,,City of San Diego,,,
f81161d1-29cb-4719-bedb-2df30282aca6,Spring Canyon Comfort Station,"11157 Scripps Poway Pkwy., 92131",,,24 hrs.,Daily,,,,City of San Diego,,,
e3dc0a3f-955d-44e0-85dc-505c4a0d269a,Standley Recreation Center,"3547 Governor Dr., 92122",,,Rec. Center Hours,Daily,,,,City of San Diego,,,
5a68c8de-86d0-4205-9a8e-9c6a4e34a741,Stonebridge Comfort Station,15030 Sycamore Trail Road,,,24 hrs.,Daily,,,,City of San Diego,,,
3a632be5-0802-4e07-9638-2df7ee74248d,Sunshine Berardini Field Comfort Station,"4416 Federal Blvd., 92102",,,Little League Hours,Daily,,,,City of San Diego,,,
38a30d1d-0eea-4c49-9170-392c8f7c7412,Sycamore Canyon Comfort Station,13745 Stonebridge Pkwy.,,,24 hrs.,Daily,,,,City of San Diego,,,
b9ed1a62-ad92-4164-a556-50a552bd0bac,Tecolote Comfort Station,"1701 Tecolote Rd., 92110",,,24 hrs.,Daily,,,,City of San Diego,,,
54cf232f-a52b-4725-b56a-2c334955f7e2,Tecolote Recreation Center,"1701 Tecolote Rd., 92110",,,Rec. Center Hours,Daily,,,,City of San Diego,,,
765b0bf0-d24f-4dd3-ab2f-70ff3af2734f,Teralta Comfort Station,"4100 Central Ave., 92105",,,24 hrs.,Daily,,,,City of San Diego,,,
0435a56f-4ebc-44d2-ae81-8d82b3059ff5,Tierrasanta Comfort Station,"11220 Clairemont Mesa Bl., 92124",,,24 hrs.,Daily,,,,City of San Diego,,,
17bc7fb8-a115-418b-9996-840bc3baf5cb,Willie Henderson Sports Complex Portable Restroom,"1092 S 45th Street, 92113",,,24 hrs.,Daily,,,,City of San Diego,,,
f430ab16-30ef-41ef-ad33-f125fa64df4d,Willie Henderson Sports Complex Recreation Center,"1092 S 45th Street, 92113",,,24 hrs.,Daily,,,,City of San Diego,,,
fa2810a3-de5b-4bd1-a451-3eaa2844c1d6,Gaslamp Square Park (Tin Fish Restaurant),"170 Sixth Avenue, 92101",,,6:00am - 9:00pm,6x/day,,,,City of San Diego,,,
3d52770b-0c70-47d8-beff-9329ff8c9f5a,Tecolote Nature Center,"5180 Tecolote Rd, 92110",,,7:30am - 3:30pm,2x/day,,,,City of San Diego,,,
d2010a1f-6b22-4590-9d82-5dd7eab54e97,Horton Plaza Park,"900 Fourth Ave, 92101",,,Temporarily Closed,Daily,,,,City of San Diego,,,
51b2f179-363f-44d1-8184-a1b4fa134407,Civita Central Park - South,"7960 Civita Blvd, 92108",,,24 hrs.,Daily,,,,City of San Diego,,,
49f0c769-bddf-461e-bdaf-4dd0a09323ec,Civita Central Park - North,"7960 Civita Blvd, 92108",,,24 hrs.,Daily,,,,City of San Diego,,,
6506035b-6a2a-49ec-8c88-b4041d45fd26,Tierrasanta Hex Building,"11220 Clairemont Mesa Bl., 92124",,,Building Hours,Daily,,,,City of San Diego,,,
0e7890fb-8128-4851-9f32-86d4c94823e0,Tierrasanta Recreation Center,"11220 Clairemont Mesa Bl., 92124",,,Rec. Center Hours,Daily,,,,City of San Diego,,,
fa9a4307-af11-451f-8bda-4c9fd662dddf,Torrey Highlands Comfort Station,"4450 Lansdale Dr., 92130",,,24 hrs.,Daily,,,,City of San Diego,,,
838f15f5-35be-4e77-a033-0c94fb0e4ead,Torrey Pines Golf Clubhouse,"11480 N. Torrey Pines Rd., 92037",,,Clubhouse Hours,Daily,,,,City of San Diego,,,
66b15145-58be-417f-a64c-28b08a1f6962,Tourmaline Surfing Beach Restroom,"601 Tourmaline Street, 92109",,,24 hrs.,2x/day,,,,City of San Diego,,,
6d9e3923-668d-47a8-ab22-a598de10f1e1,University Gardens Comfort Station,"6431 Gullstrand Street, 92122",,,24 hrs.,Daily,,,,City of San Diego,,,
a165e3e6-bda0-4260-9830-277ab27957ff,Views West Comfort Station,"12904 La Tortola, 92129",,,24 hrs.,Daily,,,,City of San Diego,,,
062d9dac-a05d-49a3-b878-c6b4e7471f76,Ward Canyon Comfort Station,"4642 40th Street, 92116",,,24 hrs.,Daily,,,,City of San Diego,,,
bcd2cb6e-0c24-43e3-807d-8a408d6012c1,Westview Comfort Station,"11278 Westview Parkway, 92126",,,24 hrs.,Daily,,,,City of San Diego,,,
0b15963f-c5e4-459e-84cb-f5c616f695d3,Windansea Beach Portable Restroom,"6950 Neptune Place, 92037",,,24 hrs.,Daily,,,,City of San Diego,,,
08efb090-966d-436c-9cee-119c30547df4,Balboa Park - Frisbee Golf Course Comfort Station,"3090 Pershing Drive, 92104",,,24 hrs.,2x/day,,,,City of San Diego,,,
cae22c05-d5ea-4ab5-95ca-495997a504c3,La Jolla Athletic Area Portable Restroom,"4636 Torrey Pines Road, 92130",,,During field use,Daily,,,,City of San Diego,,,
4ee85232-dd32-4d35-99dc-113f812e2039,Mission Bay Park - Bahia Comfort Station,"Gleason Road, 92109",,,24 hrs.,2x/day,,,,City of San Diego,,,
1d928073-22fb-4e40-a103-5fe8df62b137,Mount Hope Cemetery Main Office,"3700 Imperial Ave, 92113",,,8:00am - 3:30pm Mon-Fri 8:00am - 4:00pm Weekends,Daily,,,,City of San Diego,,,
dce7ce9f-6168-4181-bc54-232a374945b0,Nobel Athletic Area Comfort Station,"8810 Judicial Drive, 92121",,,24 hrs.,Daily,,,,City of San Diego,,,
fe6da889-948d-45a0-8552-8d95f06cfba0,Nobel Recreation Center,"8810 Judicial Drive, 92121",,,Rec. Center Hours,Daily,,,,City of San Diego,,,
0995dacc-7cdf-4d86-ab3a-884d78c91d74,Ocean Beach Park - Abbott Street / Santa Monica Avenue Comfort Station,At OB Lifeguard Tower,,,24 hrs.,2x/day,,,,City of San Diego,,,
6f107c7f-d607-497a-a281-f9f2ea24848f,Ocean Beach Park - Brighton Avenue / Spray Street Comfort Station,"End of Brighton Ave, 92107",,,24 hrs.,2x/day,,,,City of San Diego,,,
b72b7053-47ca-4f2e-92f3-294b368c23b4,Ocean Beach Park - Niagara Avenue Comfort Station,Niagara Avenue,,,24 hrs.,2x/day,,,,City of San Diego,,,
b0dfdab3-6686-4f57-be8c-e84ab63f697f,Pacific Beach Drive (between Ocean Front Walk and Mission Boulevard) Comfort Station,Ocean Front Walk and Mission Boulevard,,,24 hrs.,2x/day,,,,City of San Diego,,,
984801f5-f04b-46f4-a6dd-4478eb3b8de7,Pacific Beach Park - Ocean Front Walk / Diamond Street Comfort Station,Ocean Front Walk and Diamond Street,,,24 hrs.,2x/day,,,,City of San Diego,,,
6d46f2ac-fcbe-4d5f-9acd-240c405c92a0,Pacific Beach Park - Ocean Front Walk / Grand Avenue Comfort Station,Ocean Front Walk and Grand Avenue,,,24 hrs.,2x/day,,,,City of San Diego,,,
91c18be2-2c11-4c8d-80b1-c1ae920fc283,Pacific Beach Park - Palisades - Ocean Front Walk / Law Street Comfort Station,Ocean Front Walk and Law Street,,,24 hrs.,2x/day,,,,City of San Diego,,,
3252aa6a-a44f-4549-94d8-45896cd7e6d8,Presidio Park - Cosoy Way Comfort Station,Cosoy Way,,,24 hrs.,Daily,,,,City of San Diego,,,
6e12fe19-089d-4753-887d-4dc640e7e77f,Presidio Park - Palm Canyon Comfort Station,Off Taylor Street at Palm Canyon Entrance,,,24 hrs.,2x/day,,,,City of San Diego,,,
e8590900-bd9f-42eb-9a5d-3d7d6b2e81c7,Solana Highlands Elementary Comfort Station,"3894 Long Run Dr., 92130",,,Joint Use Hours,Daily,,,,City of San Diego,,,
6efeda95-da4b-4aeb-93ad-3232d4899f15,Solana Ranch Comfort Station,"13597 Pacific Highlands Pkwy., 92130",,,24 hrs.,Daily,,,,City of San Diego,,,
b83f1f22-5a50-4609-bd77-68102c018168,South Mission Beach - Ocean Front Walk / North Jetty Road Comfort Station,Ocean Front Walk / North Jetty Road,,,24 hrs.,2x/day,,,,City of San Diego,,,
0b062159-6cbc-49d0-be38-75784b7f876e,Sunset Cliffs Natural Park Portable Restroom,"Ladera St. Parking Lot, 92106",,,24 hrs.,2x/day,,,,City of San Diego,,,
d1aafd64-c9db-4ab5-a0f2-6706ab52489d,Torrey Meadows Comfort Station,"13516 Torrey Meadows Dr., 92129",,,24 hrs.,Daily,,,,City of San Diego,,,
4abfa275-06f9-486d-beff-d89d01caeaa4,Mission Bay Park - Fanuel Park Comfort Station,South End of Fanuel Street at Bayside Walk,,,24 hrs.,2x/day,,,,City of San Diego,,,
e20dc611-e6ec-4ef6-8ed0-4c28b07486f6,Mission Bay Park - El Carmel Comfort Station,End of El Carmel Place,,,24 hrs.,2x/day,,,,City of San Diego,,,
737b19b7-4071-4176-a5e6-674890d81b31,Mission Bay Park - North Cove Comfort Station,North end of frontage road next to Ingraham Street,,,24 hrs.,2x/day,,,,City of San Diego,,,
8ee85f77-5589-42c5-8cc7-f2ca1787aa14,Mission Bay Park - De Anza North Comfort Station,"3000 N Mission Bay Dr, San Diego, CA 92109",,,24 hrs.,2x/day,,,,City of San Diego,,,
c8c238f9-574d-4af4-a8f0-288634faaba7,Mission Bay Park - South Shores Comfort Station,"S Shores Park Driveway, 92109",,,24 hrs.,2x/day,,,,City of San Diego,,,
ed5bf880-5040-4db7-8a42-b9585a83e3d1,Mission Bay Park - Vacation Isle West Comfort Station,West of Model Yacht Pond and south of Paradise Point,,,24 hrs.,2x/day,,,,City of San Diego,,,
0725396a-41b7-4922-ac99-065a177df60d,Mission Bay Park - De Anza South Comfort Station,"3000 N Mission Bay Dr, San Diego, CA 92109",,,24 hrs.,2x/day,,,,City of San Diego,,,
ad2c9e1e-3fd2-4788-8b4d-07a7df650fb5,Mission Bay Park - Ski Beach Middle Comfort Station,East side of Ingraham Street near Ski Beach parking lot,,,24 hrs.,2x/day,,,,City of San Diego,,,
a18526c5-1755-4691-b99d-1955f0f69225,Mission Bay Park - Ski Beach South Comfort Station,East side of Ingraham Street near Ski Beach parking lot,,,24 hrs.,2x/day,,,,City of San Diego,,,
c0e9c505-5581-4026-95ae-3af4421f8116,Mission Bay Park - Ski Beach North Comfort Station,East side of Ingraham Street near Ski Beach parking lot,,,24 hrs.,2x/day,,,,City of San Diego,,,
abd38353-427a-4a08-b6f0-d95bb4cb928c,Mission Trails Regional Park East Fortuna Staging Area Comfort Station,Equestrian Circle,,,24 hrs.,Daily,,,,City of San Diego,,,
f25731c0-d037-4735-815b-7eae7b03f089,Mission Trails Regional Park Visitors Center,"1 Father Junipero Serra Trail, 92119",,,Visitor Center Hours,Daily,,,,City of San Diego,,,
75496eb0-981b-46b0-9525-fd95565e8af3,Mission Trails Regional Park Kumeyaay Campground,"2 Father Junipero Serra Trail, 92119",,,24 hrs.,Daily,,,,City of San Diego,,,
bb0eb0b3-5b95-4cd6-ac49-742e14636000,Montgomery-Waller Comfort Station,"3020 Coronado Ave., 92154",,,24 hrs.,Daily,,,,City of San Diego,,,
5bb283f4-98ce-4c36-81a3-e37c7862cb79,Mission Bay Park - Vacation Isle East Comfort Station,East of Model Yacht Pond and south of Paradise Point,,,24 hrs.,2x/day,,,,City of San Diego,,,
da9fa49f-e4fc-4888-a820-1dbe4d367186,Mission Bay Park - Dana Basin Comfort Station,Next to Dana Landing Boat Ramp,,,24 hrs.,2x/day,,,,City of San Diego,,,
aa959287-ae70-404b-98be-2bda92fcc74b,Mission Bay Park - Crown Point South Comfort Station,"Crown Point Dr/Corona Oriente Rd., 92109",,,24 hrs.,2x/day,,,,City of San Diego,,,
00bc2ef1-9861-4a92-9c9e-f63bedfdfb7d,Mission Bay Park - Crown Point North Comfort Station,"Crown Point Dr/Corona Oriente Rd., 92109",,,24 hrs.,2x/day,,,,City of San Diego,,,
978509b5-4bf0-4084-8de2-68b40a8a59c5,Balboa Park - Balboa Drive and Juniper Street Comfort Station,"Balboa Drive and Juniper Street, 92103",,,24 hrs.,2x/day,,,,City of San Diego,,,
deeaf6ad-b33a-4319-bde8-8b4942a23dd5,Balboa Park - Morley Field Drive at Ball Fields Comfort Station,"Joe Schloss Way, 92104",,,24 hrs.,2x/day,,,,City of San Diego,,,
7162fff2-377b-4d55-af7d-d515703dece7,Balboa Park - Morley Field near Balboa Tennis Complex,"2221 Morley Field Drive, 92104",,,24 hrs.,2x/day,,,,City of San Diego,,,
5d443b52-764c-4bbd-bb1d-78435aa7d6c8,Balboa Park - Morley Field Velodrome Comfort Station,"2516 Pershing Drive, 92104",,,24 hrs.,2x/day,,,,City of San Diego,,,
bdf89892-480e-48aa-a9ee-f8c12582f54c,Balboa Park - Morley Field/Bocce Ball-Jacaranda Comfort Station,"Jacaranda Place, 92104",,,Closed Nightly,2x/day,,,,City of San Diego,,,
ba7dbb8e-9305-419b-a4c4-febd26200784,Balboa Park - North Pepper Grove Comfort Station,"Pepper Grove, 92101",,,24 hrs.,2x/day,,,,City of San Diego,,,
05a0e44c-05b5-4262-aa61-1f4cfe2866ee,Balboa Park - South Pepper Grove Comfort Station,"Pepper Grove, 92101",,,24 hrs.,2x/day,,,,City of San Diego,,,
2bf057bb-a250-4b2d-be54-55a980f8ffe2,Balboa Park - Spreckles Organ Pavilion Comfort Station,"2125 Pan American Road East, 92101",,,24 hrs.,2x/day,,,,City of San Diego,,,
2d86fcb0-faea-4321-b5c2-71396f4bc0e2,Black Mountain Ranch Portable Restroom,"14700 Carmel Valley Road, 92128",,,24 hrs.,Daily,,,,City of San Diego,,,
785066bb-4d92-4299-879b-3e1375de6098,Cabrillo Recreation Center,"3120 Talburt St., 92106",,,Rec. Center Hours,Daily,,,,City of San Diego,,,
01e3bc41-95b0-45d6-9d30-e0e1ccdc17d0,Carmel Creek Comfort Station,"4260 Carmel Center Road, 92103",,,24 hrs.,Daily,,,,City of San Diego,,,
ce29bc0a-5dbc-44a2-94ec-05d1c3f21f87,Carmel del Mar Comfort Station,"12345 Carmel Park Drive, 92103",,,24 hrs.,Daily,,,,City of San Diego,,,
64ef5413-9aa7-43ec-a819-ab6e0df4ab47,Chollas Lake Comfort Station,"6350 College Grove Dr., 92105",,,Sunrise to Sunset,2x/day,,,,City of San Diego,,,
375af53d-bdce-47ff-b5a8-a949f8c31c66,Chollas Park - North Chollas Comfort Station,Chollas Station Road,,,Sunrise to Sunset,Daily,,,,City of San Diego,,,
24b396de-4987-4913-981c-cd23612e5db2,Civita Park Comfort Station (Lower),"7964 Civita Blvd., 92111",,,Sunrise to Sunset,Daily,,,,City of San Diego,,,
07511c22-6902-4d40-b6da-f84da7428307,Civita Park Comfort Station (Upper),"7964 Civita Blvd., 92111",,,Sunrise to Sunset,Daily,,,,City of San Diego,,,
7e7f7e66-efa6-475b-bb85-46a6300b1762,Colina del Sol Recreation Center,"4150 54th Place, 92115",,,Rec. Center Hours,Daily,,,,City of San Diego,,,
2e19e219-6775-4e7b-a5b0-2e14c872f047,Colina del Sol Pool,"4150 54th Place, 92115",,,Aquatic Center Hours,Daily,,,,City of San Diego,,,
750842be-4cd6-4083-b431-e32e71f01d5c,Colina del Sol Comfort Station,"4150 54th Place, 92115",,,24 hrs.,Daily,,,,City of San Diego,,,
20ac5d20-8733-4d55-9139-515747938861,Golden Hill Comfort Station #2,"25th St. & Golden Hill Dr., 92102",,,24 hrs.,Daily,,,,City of San Diego,,,
c5cac506-8ae2-4487-9da0-349a38683b0d,Montgomery-Waller Recreation Center,,,,,,,,,City of San Diego,,,
fb75c448-8382-4eb6-b224-b306856311ae,Hickman Field Portable Restroom,"Pepper Grove, 92101",,,24 hrs.,2x/day,,,,City of San Diego,,,
c9f355e0-6009-4481-975e-507babb2fe44,Spanish Landing Park West - Comfort Station - Central,"3900 N Harbor Dr, San Diego, CA 92101",,,6:00am - 10:30pm,,,,,Port of San Diego,,,
c61293ff-eac8-452a-8514-3f6fa3b96a29,Harbor Island Park - Comfort Station,"1875 Harbor Island Dr, San Diego, CA 92101",,,6:00am - 10:30pm,,,,,Port of San Diego,,,
d6af3446-1633-4a78-880d-ea417ef019fe,Broadway Landing - Comfort Station,"1145 N Harbor Dr, San Diego, CA 92101",,,24 hrs.,,,,,Port of San Diego,,,
311fcb33-cc92-4ac6-909b-af397538febb,Seaport Village Restroom - East,"803 W Harbor Dr, San Diego, CA 92101",,,11:00am - 7:00pm,,,,,Port of San Diego,,,
376a889e-c311-42d8-840c-617be8fb7fb8,Tuna Harbor - G Street Mole - Comfort Station,G St and Tuna Ln Park,,,6:00am - 10:30pm,,,,,Port of San Diego,,,
6abbfff0-5787-4710-8c48-596601c0097c,Embarcadero Marina Park North - Comfort Station,"West of Seaport Village, Foot of Marina Park Way",,,6:00am - 10:30pm,,,,,Port of San Diego,,,
9579668a-bd86-4e6b-9196-e3a0942c3ce9,Embarcadero Marina Park South - Comfort Station,Marina Park Way,,,6:00am - 10:30pm,,,,,Port of San Diego,,,
469eae2b-cd60-441c-a657-76da35f00caf,The Hilton,One Park Boulevard; attached to the public parking garage,,,,,,,,Port of San Diego,,,
149d81fa-90e6-4d6c-b970-716415bdfe86,Fifth Avenue Landing - Comfort Station,Waterfront @ 5th,,,6:00am - 10:30pm,,,,,Port of San Diego,,,
8512c6ce-537f-4789-b06c-fbf21fb7215e,Ruocco Park - Comfort Station - Concession Stand,Harbor-Pacific Highway,,,6:00am - 10:30pm,,,,,Port of San Diego,,,
ab02eebc-29d1-4082-90bb-f74ef5b28e79,Clay Neighborhood Park Portable Restrooms,"4767 Seminole Dr., 92115",,,24 hrs.,3x/day,,,,City of San Diego,,,
0d6db990-c044-4294-87c9-acf6c488f650,Old Central Library Portable Restrooms,"9th St. and E St., 92101",,,24 hrs.,3x/day,,,,City of San Diego,,,
df2179a2-65d3-4a9e-9170-8055f9bcb429,Pacific Beach Library Portable Restrooms,"4275 Cass St, San Diego, CA 92109",,,24 hrs.,3x/day,,,,City of San Diego,,,
79bcc573-7adc-4608-99db-7153897d673c,One America Plaza,"600 West Broadway, San Diego, CA 92101",,,7:00am - 7:00pm,,,,,Irvine Company,,,
5ba176b1-4a78-461f-8fd5-d6a2045fc945,County Waterfront Park,"Harbor Drive at West Beech Street, San Diego, CA 92101",,,6:00am - 10:00pm,,,,,County of San Diego,,,
ac1dbddd-014f-4b64-895d-d5e2d8293dd7,Neil Good Day Center,"299 17th Street, San Diego, CA 92101",,,6:00am - 4:00pm,,,,,St. Vincent de Paul,,,
6fbc014f-28f9-4a5e-9783-b4e06cb5c6e9,St. Vincent de Paul,"1501 Imperial Avenue, San Diego, CA 92101",,,24 hrs.,,,,,St. Vincent de Paul,,,
6ff93c38-71fb-4c95-a4bc-cce134229586,The Legend,"Outfield Park 8th Avenue, San Diego, CA 92101",,,7:00am - Sunset. Note: Hours of operation and access may vary due to special events.,,,,,East Village Square,,,
51e0f668-0b5d-461a-85d4-bf7d37178cca,Cesar Chavez Park - Comfort Station,,,,6:00am - 10:30pm,,,,,Port of San Diego,,,
685d55e5-9726-4897-aa1d-55af31299fc5,America's Cup Harbor - Comfort Station - Shore Facility,,,,6:00am - 10:30pm,,,,,Port of San Diego,,,
612b4e58-70bf-48be-8668-a791bc80097f,Shelter Island Shoreline Park - Comfort Station - Boat Launch Facility,,,,6:00am - 10:30pm,,,,,Port of San Diego,,,
a0d39c01-e943-46ab-bab7-ea9beacb3123,Shelter Island Shoreline Park - Comfort Station - Shoreline Park South,,,,6:00am - 10:30pm,,,,,Port of San Diego,,,
4f0b3e90-f58e-4882-9d91-9907416427e2,Harbor Control Facility - Comfort Station - Transient Dock,,,,6:00am - 10:30pm,,,,,Port of San Diego,,,
24d6fa64-55ab-463a-8fdd-ae079796ba65,Spanish Landing Park West - Comfort Station - West,,,,6:00am - 10:30pm,,,,,Port of San Diego,,,
0ce5e0c0-1de4-40ea-8202-690cc9dfbf86,Spanish Landing Park East - Comfort Station,,,,6:00am - 10:30pm,,,,,Port of San Diego,,,
188a985b-f295-442e-a9fd-c1f2272337d2,Embarcadero Crescent - Comfort Station,,,,6:00am - 10:30pm,,,,,Port of San Diego,,,
b76bbe57-e4b1-424f-9663-0cfe5acd654f,Land Field Park - Comfort Station,,,,6:00am - 10:30pm,,,,,Port of San Diego,,,
3204f6f2-4127-46f5-bde8-b96b283370ce,Seaport Village - Restroom - West,,,,11:00am - 7:00pm,,,,,Port of San Diego,,,
0caf7424-5e34-46cd-bf6b-ca359d1fa7ff,Seaport Village - Restroom - Central,,,,11:00am - 7:00pm,,,,,Port of San Diego,,,
944be5c7-f32a-4aa6-ba81-bf23bbe950e1,Rady Shell at Jacobs Park - Restroom,,,,6:00am - 10:30pm,,,,,Port of San Diego,,,
87cde7d7-e66f-4b36-9a40-b9690bfc6823,Broadway Pier - Restroom,,,,Sunrise-Sunset,,,,,Port of San Diego,,,
c76f006a-a51e-4a16-b21a-2d9844ca0e22,Park Blvd & Market St,Park Blvd & Market St,,,6:00am - 10:00pm,,,,,City of San Diego,,,
e0ae2a05-ac99-4bea-a51e-72491b6872b9,Balboa Park Golf Course - 9-Hole On-Course Restroom,"2600 Golf Course Dr., 92102",,,On Course Dawn to Dusk,Daily,,,,City of San Diego,,,
d04b153d-5ec9-4f89-a5f7-f80dcc8891ac,Balboa Park Golf Course - 18-Hole On-Course Restroom #2,"2600 Golf Course Dr., 92102",,,On Course Dawn to Dusk,Daily,,,,,,,
a05bf53c-d5b2-4ad8-b176-1c8f4fdf0d83,Chollas Lake Portable Toilet,"6350 College Grove Dr., 92105",,,Sunrise to Sunset,M-W-F,,,,,,,
cf762ab7-e91f-41dd-a904-9736fef0f27d,Chollas Park - North Chollas Portable Toilet,Chollas Station Road,,,Sunrise to Sunset,M-W-F,,,,,,,
9919f870-3201-4dfa-88c1-7c8a440212c1,Gloria's Mesa Portable Toilet,"6350 College Grove Dr., 92105",,,Sunrise to Sunset,M-W-F,,,,,,,
ca4dff8f-ce3e-40f6-a6a9-332ea5f70e7b,Los Peñasquitos Canyon Preserve West Staging Area Portable Toilet,4300 Sorrento Valley Blvd,,,Dawn to Dusk,Weekly,,,,,,,
1d10eeb0-7708-4ef3-bbd7-a5f9368ff08f,Marian Bear Park Comfort Station West,Just east of Genesee Avenue and south of State Route 52 (under freeway ramp),,,24 hrs.,2x/day,,,,,,,
db1ddafb-ec2c-4f7d-ba45-a0774a9d5d03,Marian Bear Park Comfort Station East,Just east of Regents Road and south of State Route 52,,,24 hrs.,2x/day,,,,,,,
fc1074b5-3df2-4ef3-a348-de45b823016c,Otay Valley Regional Park Hollister Staging Area ADA Portable Toilet,"350 Hollister Street, 92154",,,24 hrs.,M-W-F,,,,,,,
ce1dadd9-b350-44b9-8c19-f27085e6653c,Otay Valley Regional Park Mace Street Equestian Staging Area,"210 Mace Street, Chula Vista, 91911",,,8:00am - 5:00pm,Daily,,,,,,,
1e53e154-3c21-4eec-a0aa-ee17b8fdbeec,Otay Valley Regional Park Rios Staging Area ADA Portable Toilet,"1769 Rios Ave, Chla Vista 91911 but this is located with in the SD municipality",,,24 hrs.,M-W-F,,,,,,,
535153b4-6f84-402d-b1b9-3524ec74d3d8,Torrey Pines Golf Course - On-Course Restroom - North #1,"11480 N. Torrey Pines Rd., 92037",,,Dawn to Dusk,2x/day,,,,,,,
271d3172-6d06-4674-a5aa-82ef0b89863a,Torrey Pines Golf Course - On-Course Restroom - North #2,"11480 N. Torrey Pines Rd., 92037",,,Dawn to Dusk,2x/day,,,,,,,
d1437e3d-5b77-4b31-9223-f97559f31dc7,Torrey Pines Golf Course - On-Course Restroom - South #1,"11480 N. Torrey Pines Rd., 92037",,,Dawn to Dusk,2x/day,,,,,,,
e0548feb-bd5b-44c5-be3c-1a30e50b6fc2,Torrey Pines Golf Course - On-Course Restroom - South #2,"11480 N. Torrey Pines Rd., 92037",,,Dawn to Dusk,2x/day,,,,,,,
bf651b1c-6e51-476c-bdd3-725432f1fa77,Mission Trails Regional Park Barker Way (Portable Toilet),"6900 Barker Way, 92119",,,24 hrs.,3x/week,,,,,,,
7130ba7d-097e-4d39-b616-40cbf64c7fa2,Marian Bear Park Comfort Station West of Regents,Just west of Regents Road and south of State Route 52,,,24 hrs.,2x/day,,,,,,,
373dcc70-e373-4438-9207-44771a1fc1e3,City College Campus Building A,"1313 Park Boulevard, 92101",,,6:00am - 5:00pm Mon-Thu,,,,,,,,
aecbc7a9-51ed-4c91-9284-370958264a32,1000,Morena Blvd & Tecolote Rd,,,"1350 Morena Blvd, San Diego, CA 92110",,,,,,,,
eb6af1cd-6557-46a9-b808-b310f7cb23c8,50,Presidio Park,,,"4398 Taylor St, San Diego, CA 92110",,,,,,,,
8c4b04f1-e206-408b-a69c-ea68feb48620,35,Ocean Beach Pier,,,"5091 Niagara Avenue, San Diego, CA 92107",,,,,,,,
6732f776-d5fd-46e3-9439-d2f21d4e5b5d,996,Old Town State Historic Park - Parking Lot A,,,"2749 Congress Street, San Diego, CA 92110",,,,,,,,
2c968301-82fe-4807-8e9b-604749bf8187,994,Balboa Park - 6th Ave & Thorn St,,,"3241 Sixth Ave, San Diego, CA 92103",,,,,,,,
9c3ca2eb-ab4c-4a81-8187-6346f23a84b1,995,Balboa Park - 6th Ave & Grape St,,,"1998 Sixth Ave, San Diego, CA 92101",,,,,,,,
be00b03a-3bdf-439d-b134-4960d4da641c,1006,Sports Arena Blvd - near Airport parking (2 of 2),,,"2652 Sports Arena Blvd, San Diego, CA 92110",,,,,,County of San Diego,,
7a4a041f-6cf1-4649-816e-c1d155d0fe28,384,Saturn Blvd & Boundary Ave,,,"501 Saturn Blvd, San Diego, CA 92154",,,,,,,,
e2cfb1b0-5f2f-460b-9e5d-de035a341874,1005,Sports Arena Blvd - near Goodwill (1 of 2),,,"2670 Sports Arena Blvd, San Diego, CA 92110",,,,,,County of San Diego,,
bc868663-ac3e-40e4-a3a9-4bcfff77b8ed,1002,Cudahy Pl & Grant St,,,"1033 Cudahy Pl, San Diego, CA 92110",24 hrs.,,,,,,,
4f25ad4d-e17e-46cd-9911-7efe05073623,Little Italy,805 W. Cedar St,,,,,,,,City of San Diego,,,
0b769c35-4cde-4097-b5a6-4a480d5a496d,Children’s Park,"326 W Harbor Dr, 92101",,,24 hrs.,"2x/day (morning/afternoon), afternoon as needed",,,,City of San Diego,,,
9671669d-5146-439b-a781-50c7e3406cd8,NW corner @ 10th & Broadway,"1045 Ninth Avenue, San Diego, CA 92101",,,24 hrs.,2x/day,,,,City of San Diego,,,
6460fb1f-617b-4728-b2af-5aa788ee1166,NE corner @ Park & Broadway,"1200 Broadway, San Diego, CA 92101",,,24 hrs.,2x/day,,,,City of San Diego,,,
e495b4d0-b068-46a3-ac60-831d54a86bb9,NE wall on 7th Ave & E Street,"707 Broadway Ave, San Diego, CA 92101",,,24 hrs.,2x/day,,,,City of San Diego,,,
c29a64c5-bd07-453e-b2c5-febd0797a22b,NE wall on 15th Ave & F Street,"776 15th Street, San Diego, CA 92101",,,24 hrs.,2x/day,,,,City of San Diego,,,
287abbf7-48be-4a9a-a496-2453b882dfd9,South wall on K Street & 15th Street,"1425 K Street, San Diego, CA 92101",,,24 hrs.,2x/day,,,,City of San Diego,,,
403a4508-3c1b-404a-bce8-a0e295bda8f0,11th/K St/Park Blvd,"315 11th Ave, San Diego, CA 92101",,,24 hrs.,2x/day,,,,City of San Diego,,,
daebbd47-8a3d-4eb1-8eab-639153aa1085,"17th Street, midblock between Commercial St & Logan Avenue","119 17th St, San Diego, CA 92101",,,24 hrs.,2x/day,,,,City of San Diego,,,
99187f48-4e9e-4e29-b52d-42be909964ce,NW corner @ 2nd Ave & Cedar,"1628 2nd Avenue, San Diego, CA 92101",,,24 hrs.,2x/day,,,,City of San Diego,,,
bf280fbc-5a0f-41f1-b7cd-ee37127ab22d,"North wall on F Street, midblock between 7th & 8th","732 F St, San Diego, CA 92101",,,24 hrs.,2x/day,,,,City of San Diego,,,
71698457-371c-44b5-88e8-481d66ae41a7,West wall on 19th St & Commercial Ave,"101 19th Street, San Diego, CA 92101",,,24 hrs.,2x/day,,,,City of San Diego,,,
33266841-c3b3-4094-b4d1-f73199982cf6,SE corner 16th & National Ave,"1572 National Ave, San Diego CA 92101",,,24 hrs.,2x/day,,,,City of San Diego,,,
5fd9f0a7-933c-4038-a9d0-faa2a815ff55,Island Ave at 19th Street,"1845 Island Ave, San Diego, CA 92101",,,24 hrs.,2x/day,,,,City of San Diego,,,
8ae60560-3740-4e46-9daf-2718fdfd3b3c,G Street & 10th Avenue,"1009 10th Avenue, San Diego, CA 92101",,,24 hrs.,2x/day,,,,City of San Diego,,,
3e10a8aa-2bd2-4e93-922d-9e63fd8d7958,UCSD Central Campus Station,"San Diego, CA 92093",,,,,,,,UCSD,,,
f761888a-5050-4e25-b85c-62c3d9624fb7,UCSD Health La Jolla Station,"San Diego, CA 92037",,,,,,,,UCSD,,,
7c4fde02-5b54-495b-9e2b-c600bd20bc1f,Old Town (inside A-mart),"4009 Taylor St, San Diego, CA 92110",,,,,,,,A-Mart,,,
120fa5d7-0f56-4781-ae94-e0b1ff572a01,12th & Imperial Transit Center (inside Mills Building),"Trolley Plaza, San Diego, CA 92101",,,,,,,,Mills Building,,,
c69e003e-14f9-4718-84de-2a45947f7010,San Ysidro (at CBP facility and pay restrooms inside McDonald’s Building & along Rail Court),"727 E San Ysidro Blvd, San Ysidro, CA 92173",,,24 hrs,,,,,,,,