site,address,latitude,longitude,hours,cleaning_frequency,public,content,images,operated_by,author_id,created_at,updated_at
Ashley Falls Comfort Station,"13030 Ashley Falls Drive., 92130",0,0,24 hrs.,Daily,True,Unknown,[],City of San Diego,Unknown,1703891400.79689,1703891400.79689
Adams Avenue Recreation Center,"3491 Adams Ave., 92116",0,0,Rec. Center Hours,Daily,True,Unknown,[],City of San Diego,Unknown,1703891400.79689,1703891400.79689
Allied Gardens Pool,"6707 Glenroy St., 92120",0,0,Aquatic Center Hours,Daily,True,Unknown,[],City of San Diego,Unknown,1703891400.79689,1703891400.79689
Balboa Park - Alcazar Garden Parking Lot Comfort Station,"1363 El Prado, 92101",0,0,24 hrs.,2x/day,True,Unknown,[],City of San Diego,Unknown,1703891400.79689,1703891400.79689
Allied Gardens Recreation Center,"5155 Greenbrier Ave., 92120",0,0,Rec. Center Hours,Daily,True,Unknown,[],City of San Diego,Unknown,1703891400.79689,1703891400.79689
Azalea Recreation Center,"2596 Violet Ave., 92105",0,0,Rec. Center Hours,Daily,True,Unknown,[],City of San Diego,Unknown,1703891400.79689,1703891400.79689
Balboa Park - Casa de Balboa,"1549 El Prado, 92101",0,0,Business Hours,2x/day,True,Unknown,[],City of San Diego,Unknown,1703891400.79689,1703891400.79689
Balboa Park - House of Hospitality,"1549 El Prado, 92101",0,0,Business Hours,2x/day,True,Unknown,[],City of San Diego,Unknown,1703891400.79689,1703891400.79689
Balboa Park - 27th Street and Russ Boulevard Comfort Station,"27th St. & Russ Blvd., 92102",0,0,24 hrs.,2x/day,True,Unknown,[],City of San Diego,Unknown,1703891400.79689,1703891400.79689
Balboa Park - 28th and Beech Comfort Station,"28th Street and Beech Street, 92102",0,0,24 hrs.,2x/day,True,Unknown,[],City of San Diego,Unknown,1703891400.79689,1703891400.79689
Balboa Park - Activity Center,"2145 Park Boulevard, 92101",0,0,Rec. Center Hours,2x/day,True,Unknown,[],City of San Diego,Unknown,1703891400.79689,1703891400.79689
Balboa Park - Bud Kearns Pool,"2229 Morley Field Dr., 92101",0,0,Aquatic Center Hours,Daily,True,Unknown,[],City of San Diego,Unknown,1703891400.79689,1703891400.79689
Balboa Park - Casa del Prado,"1800 El Prado, 92101",0,0,Business Hours,2x/day,True,Unknown,[],City of San Diego,Unknown,1703891400.79689,1703891400.79689
Balboa Park - Grape Street Dog Off Leash Area Comfort Station,"28th Street and Grape Street, 92102",0,0,24 hrs.,2x/day,True,Unknown,[],City of San Diego,Unknown,1703891400.79689,1703891400.79689
Balboa Park - Municipal Gymnasium,"2111 Pan American Plaza, 92101",0,0,Rec. Center Hours,2x/day,True,Unknown,[],City of San Diego,Unknown,1703891400.79689,1703891400.79689
Balboa Park - Spanish Village,"1770 Village Place, 92101",0,0,24 hrs.,2x/day,True,Unknown,[],City of San Diego,Unknown,1703891400.79689,1703891400.79689
Balboa Park - Palisades Building,"2130 Pan American Plaza, 92101",0,0,Business Hours,2x/day,True,Unknown,[],City of San Diego,Unknown,1703891400.79689,1703891400.79689
Balboa Park - Recital Hall,"2130 Pan American Plaza, 92101",0,0,During activities/use,2x/day,True,Unknown,[],City of San Diego,Unknown,1703891400.79689,1703891400.79689
Balboa Park - Sixth Avenue at Nutmeg Comfort Station,"6th Avenue and Nutmeg Street, 92103",0,0,24 hrs.,2x/day,True,Unknown,[],City of San Diego,Unknown,1703891400.79689,1703891400.79689
Black Mountain Multipurpose Center Joint Use,"9353 Oviedo St., 92129",0,0,Joint Use Hours,Daily,True,Unknown,[],City of San Diego,Unknown,1703891400.79689,1703891400.79689
Balboa Park - Sixth Avenue at Thorn Street Comfort Station,"6th Avenue and Thorn Street, 92103",0,0,24 hrs.,2x/day,True,Unknown,[],City of San Diego,Unknown,1703891400.79689,1703891400.79689
Balboa Park - War Memorial Building,"3325 Zoo Drive, 92101",0,0,Business Hours,2x/day,True,Unknown,[],City of San Diego,Unknown,1703891400.79689,1703891400.79689
Balboa Park Golf Clubhouse,"2600 Golf Course Dr., 92102",0,0,Clubhouse Hours,Daily,True,Unknown,[],City of San Diego,Unknown,1703891400.79689,1703891400.79689
Bay Terraces Comfort Station,"7373 Tooma St., 92139",0,0,24 hrs.,Daily,True,Unknown,[],City of San Diego,Unknown,1703891400.79689,1703891400.79689
Cadman Recreation Center,"4280 Avati Drive, 92117",0,0,Rec. Center Hours,Daily,True,Unknown,[],City of San Diego,Unknown,1703891400.79689,1703891400.79689
Bay Terraces Community and Senior Center,"7373 Tooma St., 92139",0,0,Community Ctr Hours,Daily,True,Unknown,[],City of San Diego,Unknown,1703891400.79689,1703891400.79689
Bill Cleator Comfort Station,"4412 Nimitz Blvd., 92107",0,0,7:00am - Dusk,Daily,True,Unknown,[],City of San Diego,Unknown,1703891400.79689,1703891400.79689
Canyonside Comfort Station,"12350 Black Mountain Road, 92129",0,0,7:00am - 8:00pm,Daily,True,Unknown,[],City of San Diego,Unknown,1703891400.79689,1703891400.79689
Canyonside Recreation Center,"12350 Black Mountain Road, 92129",0,0,Rec. Center Hours,Daily,True,Unknown,[],City of San Diego,Unknown,1703891400.79689,1703891400.79689
Black Mountain/Los Peñasquitos Canyon Park Ranger Station,12005 Black Mountain Rd,0,0,Ranger Station Hours,Daily,True,Unknown,[],City of San Diego,Unknown,1703891400.79689,1703891400.79689
Breen Comfort Station,"11103 Polaris Drive, 92126",0,0,24 hrs.,Daily,True,Unknown,[],City of San Diego,Unknown,1703891400.79689,1703891400.79689
Cabrillo Heights Comfort Station #1,"8308 Hurlbut Street, 92123",0,0,24 hrs.,Daily,True,Unknown,[],City of San Diego,Unknown,1703891400.79689,1703891400.79689
Cabrillo Heights Comfort Station #2,"8308 Hurlbut Street, 92123",0,0,24 hrs.,Daily,True,Unknown,[],City of San Diego,Unknown,1703891400.79689,1703891400.79689
Cabrillo Heights Comfort Station #3,"8308 Hurlbut Street, 92123",0,0,24 hrs.,Daily,True,Unknown,[],City of San Diego,Unknown,1703891400.79689,1703891400.79689
Cherokee Point Comfort Station,"3901 Landis St. , 92105",0,0,24 hrs.,Daily,True,Unknown,[],City of San Diego,Unknown,1703891400.79689,1703891400.79689
Camino Ruiz Comfort Station,"11498 Camino Ruiz, 92126",0,0,24 hrs.,Daily,True,Unknown,[],City of San Diego,Unknown,1703891400.79689,1703891400.79689
City Heights Recreation Center,"4380 Landis St., 92105",0,0,Rec. Center Hours,Daily,True,Unknown,[],City of San Diego,Unknown,1703891400.79689,1703891400.79689
City Heights Swim Center Pool,"4380 Landis St., 92105",0,0,Aquatic Center Hours,Daily,True,Unknown,[],City of San Diego,Unknown,1703891400.79689,1703891400.79689
Capehart Dog Off-Leash Area Portable Restroom,"4700 Soledad Mountain Road, 92109",0,0,24 hrs.,Daily,True,Unknown,[],City of San Diego,Unknown,1703891400.79689,1703891400.79689
Clairemont Pool,"3605 Clairemont Dr., 92117",0,0,Aquatic Center Hours,Daily,True,Unknown,[],City of San Diego,Unknown,1703891400.79689,1703891400.79689
Carmel Mountain Ranch-Sabre Springs Comfort Station,"10166 Rancho Carmel Dr., 92128",0,0,24 hrs.,Daily,True,Unknown,[],City of San Diego,Unknown,1703891400.79689,1703891400.79689
Carmel Mountain Recreation Center,"10166 Rancho Carmel Dr., 92128",0,0,Rec. Center Hours,Daily,True,Unknown,[],City of San Diego,Unknown,1703891400.79689,1703891400.79689
Cypress Canyon Comfort Station,"11470 Cypress Canyon Rd., 92131",0,0,24 hrs.,Daily,True,Unknown,[],City of San Diego,Unknown,1703891400.79689,1703891400.79689
Carmel Valley Comfort Station,"3751 Townsgate Dr., 92130",0,0,24 hrs.,Daily,True,Unknown,[],City of San Diego,Unknown,1703891400.79689,1703891400.79689
Carmel Valley Pool,"3777 Townsgate Dr., 92130",0,0,Aquatic Center Hours,Daily,True,Unknown,[],City of San Diego,Unknown,1703891400.79689,1703891400.79689
Carmel Valley Recreation Center,"3751 Townsgate Dr., 92130",0,0,Rec. Center Hours,Daily,True,Unknown,[],City of San Diego,Unknown,1703891400.79689,1703891400.79689
Carmel Valley Skate Park,"12600 El Camino Real, 92130",0,0,Skate Park Hours,Daily,True,Unknown,[],City of San Diego,Unknown,1703891400.79689,1703891400.79689
Cesar Chavez Community Center at Larsen Field,"455 Sycamore Rd., 92173",0,0,Rec. Center Hours,Daily,True,Unknown,[],City of San Diego,Unknown,1703891400.79689,1703891400.79689
Cesar Solis Comfort Station,"4901 Del Sol Blvd., 92154",0,0,24 hrs.,Daily,True,Unknown,[],City of San Diego,Unknown,1703891400.79689,1703891400.79689
Charles Lewis III Memorial Comfort Station,"4632 Home Ave., 92105",0,0,24 hrs.,Daily,True,Unknown,[],City of San Diego,Unknown,1703891400.79689,1703891400.79689
Gompers Comfort Station,"4926 Hilltop Dr., 92102",0,0,24 hrs.,Daily,True,Unknown,[],City of San Diego,Unknown,1703891400.79689,1703891400.79689
Chicano Park Comfort Station,1986 Logan,0,0,24 hrs.,2x/day,True,Unknown,[],City of San Diego,Unknown,1703891400.79689,1703891400.79689
Hawk Comfort Station,"4990 Guymon St., 92102",0,0,24 hrs.,Daily,True,Unknown,[],City of San Diego,Unknown,1703891400.79689,1703891400.79689
Cliffridge Comfort Station,"8301 Cliffridge Dr., 92037",0,0,24 hrs.,Daily,True,Unknown,[],City of San Diego,Unknown,1703891400.79689,1703891400.79689
Hourglass Comfort Station,"9490 Gold Coast Dr., 92126",0,0,24 hrs.,Daily,True,Unknown,[],City of San Diego,Unknown,1703891400.79689,1703891400.79689
Hourglass Pool,"10440 Black Mtn. Rd., 92126",0,0,Aquatic Center Hours,Daily,True,Unknown,[],City of San Diego,Unknown,1703891400.79689,1703891400.79689
Dana Middle School Comfort Station,"1775 Chatsworth Blvd., 92106",0,0,Joint Use Hours,Daily,True,Unknown,[],City of San Diego,Unknown,1703891400.79689,1703891400.79689
De Portola Middle School Comfort Station,"11010 Clairemont Mesa Blvd., 92124",0,0,Joint Use Hours,Daily,True,Unknown,[],City of San Diego,Unknown,1703891400.79689,1703891400.79689
La Jolla Recreation Center,"615 Prospect Street, 92037",0,0,24 hrs.,Daily,True,Unknown,[],City of San Diego,Unknown,1703891400.79689,1703891400.79689
Del Sur Comfort Station,"Paseo Montenero & Old Stonefield Chase, 92127",0,0,24 hrs.,Daily,True,Unknown,[],City of San Diego,Unknown,1703891400.79689,1703891400.79689
Dennis V. Allen Comfort Station,"800 Boundary St., 92102",0,0,24 hrs.,Daily,True,Unknown,[],City of San Diego,Unknown,1703891400.79689,1703891400.79689
Dorothy Petway Comfort Station,"1367 Rigel St., 92113",0,0,24 hrs.,Daily,True,Unknown,[],City of San Diego,Unknown,1703891400.79689,1703891400.79689
Lopez Ridge Recreation Center,"7245 Calle Cristobal, 92126",0,0,Rec. Center Hours,Daily,True,Unknown,[],City of San Diego,Unknown,1703891400.79689,1703891400.79689
Doyle Community Park Comfort Station #1,"3950 Berino Court, 92122",0,0,24 hrs.,Daily,True,Unknown,[],City of San Diego,Unknown,1703891400.79689,1703891400.79689
Doyle Community Park Comfort Station #2,"3950 Berino Court, 92122",0,0,24 hrs.,Daily,True,Unknown,[],City of San Diego,Unknown,1703891400.79689,1703891400.79689
Doyle Community Park Recreation Center,"3950 Berino Court, 92122",0,0,Rec. Center Hours,Daily,True,Unknown,[],City of San Diego,Unknown,1703891400.79689,1703891400.79689
Dusty Rhodes Comfort Station,"2500 Sunset Cliffs Blvd.,92107",0,0,8:00am - Dusk,Daily,True,Unknown,[],City of San Diego,Unknown,1703891400.79689,1703891400.79689
Memorial Pool,"2902 Marcy Ave., 92113",0,0,Aquatic Center Hours,Daily,True,Unknown,[],City of San Diego,Unknown,1703891400.79689,1703891400.79689
Mid-City Gymnasium,"4302 Landis St., 92105",0,0,Rec. Center Hours,Daily,True,Unknown,[],City of San Diego,Unknown,1703891400.79689,1703891400.79689
East Clairemont Athletic Area Comfort Station,"3451 Mt. Acadia Boulevard, 92111",0,0,24 hrs.,Daily,True,Unknown,[],City of San Diego,Unknown,1703891400.79689,1703891400.79689
Mira Mesa Comfort Station,"8575 New Salem Street, 92126",0,0,24 hrs.,Daily,True,Unknown,[],City of San Diego,Unknown,1703891400.79689,1703891400.79689
Mira Mesa Gil Johnson Recreation Center,"8575 New Salem Street, 92126",0,0,Rec. Center Hours,Daily,True,Unknown,[],City of San Diego,Unknown,1703891400.79689,1703891400.79689
Elizabeth Rabbitt Comfort Station,"6622 Duck Pond Lane, 92130",0,0,24 hrs.,Daily,True,Unknown,[],City of San Diego,Unknown,1703891400.79689,1703891400.79689
Miramar Overlook Comfort Station,"11417 Scripps Ranch Blvd, 92131",0,0,7:00am - Dusk,Daily,True,Unknown,[],City of San Diego,Unknown,1703891400.79689,1703891400.79689
Ellen Browning Scripps (La Jolla Cove) Comfort Station,"1146 Coast Blvd., 92037",0,0,24 hrs.,2x/day,True,Unknown,[],City of San Diego,Unknown,1703891400.79689,1703891400.79689
Mission Bay Golf Clubhouse,"2702 N. Mission Bay Dr., 92109",0,0,Clubhouse Hours,2x/day,True,Unknown,[],City of San Diego,Unknown,1703891400.79689,1703891400.79689
Emerald Hills Comfort Station,"1501 Kelton Road, 92114",0,0,24 hrs.,Daily,True,Unknown,[],City of San Diego,Unknown,1703891400.79689,1703891400.79689
Encanto Comfort Station,"6508 Wunderlin Ave., 92114",0,0,24 hrs.,Daily,True,Unknown,[],City of San Diego,Unknown,1703891400.79689,1703891400.79689
Encanto Recreation Center,"6508 Wunderlin Ave., 92114",0,0,Rec. Center Hours,Daily,True,Unknown,[],City of San Diego,Unknown,1703891400.79689,1703891400.79689
Encanto Teen Center,"6508 Wunderlin Ave., 92114",0,0,Teen Center Hours,Daily,True,Unknown,[],City of San Diego,Unknown,1703891400.79689,1703891400.79689
Mission Bay Park - Fiesta Island Youth Camp Comfort Station,"1750 Fiesta Island Rd, 92109",0,0,24 hrs.,2x/day,True,Unknown,[],City of San Diego,Unknown,1703891400.79689,1703891400.79689
Unknown,Mission Bay Park - Robb Field Jim Howard Hall,0,0,"2525 Bacon Street, 92107",Building Hours,True,Unknown,[],2x/day,City of San Diego,1703891400.79689,1703891400.79689
Mission Bay Park - Robb Field Recreation Center,"2525 Bacon Street, 92107",0,0,Rec. Center Hours,2x/day,True,Unknown,[],City of San Diego,Unknown,1703891400.79689,1703891400.79689
Mission Bay Park - Robb Field Restroom #1,"2525 Bacon Street, 92107",0,0,During Field Use,2x/day,True,Unknown,[],City of San Diego,Unknown,1703891400.79689,1703891400.79689
Mission Bay Park - Robb Field Restroom #2,"2525 Bacon Street, 92107",0,0,8:00am - Dusk,2x/day,True,Unknown,[],City of San Diego,Unknown,1703891400.79689,1703891400.79689
Faultline Park,14th Street and Island Avenue,0,0,6:00am - 9:00pm,Daily,True,Unknown,[],City of San Diego,Unknown,1703891400.79689,1703891400.79689
Mission Beach Park/Belmont Park - Ocean Front Walk at South Parking Lot Comfort Station,"3146 Mission Blvd, San Diego, CA 92109",0,0,24 hrs.,2x/day,True,Unknown,[],City of San Diego,Unknown,1703891400.79689,1703891400.79689
Mission Beach Park/Belmont Park - Ocean Front Walk/Ventura Place Comfort Station,"3146 Mission Blvd, San Diego, CA 92109",0,0,24 hrs.,2x/day,True,Unknown,[],City of San Diego,Unknown,1703891400.79689,1703891400.79689
Golden Hill Comfort Station #1,"27th St. & Russ Blvd., 92102",0,0,24 hrs.,Daily,True,Unknown,[],City of San Diego,Unknown,1703891400.79689,1703891400.79689
Golden Hill Recreation Center,2600 Golf Course Dr. 92102,0,0,Rec. Center Hours,Daily,True,Unknown,[],City of San Diego,Unknown,1703891400.79689,1703891400.79689
Grant Hill Portable Restroom,"2632 J St, 92102",0,0,24 hrs.,Daily,True,Unknown,[],City of San Diego,Unknown,1703891400.79689,1703891400.79689
Highland Ranch Comfort Station,"12140 Eastbourne Road, 92128",0,0,24 hrs.,Daily,True,Unknown,[],City of San Diego,Unknown,1703891400.79689,1703891400.79689
North Clairemont Recreation Center,"4421 Bannock Avenue, 92117",0,0,Rec. Center Hours,Daily,True,Unknown,[],City of San Diego,Unknown,1703891400.79689,1703891400.79689
North Park Comfort Station,"4044 Idaho St., 92104",0,0,24 hrs.,Daily,True,Unknown,[],City of San Diego,Unknown,1703891400.79689,1703891400.79689
Hilltop Recreation Center,"14000 McEntee St., 92129",0,0,Rec. Center Hours,Daily,True,Unknown,[],City of San Diego,Unknown,1703891400.79689,1703891400.79689
North Park Recreation Center,"4044 Idaho St., 92104",0,0,Rec. Center Hours,Daily,True,Unknown,[],City of San Diego,Unknown,1703891400.79689,1703891400.79689
Hollywood Comfort Station,"2301 Shamrock St., 92105",0,0,24 hrs.,Daily,True,Unknown,[],City of San Diego,Unknown,1703891400.79689,1703891400.79689
Ocean Air Comfort Station,"4770 Fairport Ave, 92130",0,0,24 hrs.,Daily,True,Unknown,[],City of San Diego,Unknown,1703891400.79689,1703891400.79689
Ocean Air Recreation Center,"4770 Fairport Ave, 92130",0,0,Rec. Center Hours,Daily,True,Unknown,[],City of San Diego,Unknown,1703891400.79689,1703891400.79689
Jerabek Comfort Station,"10150 Avenida Magnifica, 92131",0,0,24 hrs.,Daily,True,Unknown,[],City of San Diego,Unknown,1703891400.79689,1703891400.79689
Otay Valley Regional Park Ranger Station,"2155 Beyer Boulevard, 92154",0,0,8:00am - 5:00pm,Daily,True,Unknown,[],City of San Diego,Unknown,1703891400.79689,1703891400.79689
John F. Kennedy Comfort Station,"4825 Ocean View Bl., 92113",0,0,24 hrs.,Daily,True,Unknown,[],City of San Diego,Unknown,1703891400.79689,1703891400.79689
Pacific Beach Recreation Center,"1405 Diamond Street, 92109",0,0,Rec. Center Hours,Daily,True,Unknown,[],City of San Diego,Unknown,1703891400.79689,1703891400.79689
Kate Sessions Memorial Comfort Station,"5115 Soledad Road, 92109",0,0,24 hrs.,Daily,True,Unknown,[],City of San Diego,Unknown,1703891400.79689,1703891400.79689
Pacific Highlands Ranch Community Park Comfort Station,"5977 Village Center Loop Road, 92130",0,0,24 hrs.,Daily,True,Unknown,[],City of San Diego,Unknown,1703891400.79689,1703891400.79689
Kearny Mesa Comfort Station #1,"3170 Armstrong Street, 92111",0,0,24 hrs.,Daily,True,Unknown,[],City of San Diego,Unknown,1703891400.79689,1703891400.79689
Kearny Mesa Comfort Station #2,"3170 Armstrong Street, 92111",0,0,24 hrs.,Daily,True,Unknown,[],City of San Diego,Unknown,1703891400.79689,1703891400.79689
Kearny Mesa Pool,"3170 Armstrong Street, 92111",0,0,Aquatic Center Hours,Daily,True,Unknown,[],City of San Diego,Unknown,1703891400.79689,1703891400.79689
Kearny Mesa Recreation Center,"3170 Armstrong Street, 92111",0,0,Rec. Center Hours,Daily,True,Unknown,[],City of San Diego,Unknown,1703891400.79689,1703891400.79689
Paradise Hills Comfort Station,"6610 Potomac St., 92139",0,0,24 hrs.,Daily,True,Unknown,[],City of San Diego,Unknown,1703891400.79689,1703891400.79689
Paradise Hills Recreation Center,"6610 Potomac St., 92139",0,0,Rec. Center Hours,Daily,True,Unknown,[],City of San Diego,Unknown,1703891400.79689,1703891400.79689
Keiller Comfort Station,"7400 Lisbon St., 92114",0,0,24 hrs.,Daily,True,Unknown,[],City of San Diego,Unknown,1703891400.79689,1703891400.79689
Penn Athletic Field Recreation Center (School of Creative and Performing Arts),"2425 Dusk Ave., 92139",0,0,Rec. Center Hours,Daily,True,Unknown,[],City of San Diego,Unknown,1703891400.79689,1703891400.79689
Kellogg (La Jolla Shores) Comfort Station North,"8300 Camino Del Oro, 92037",0,0,24 hrs.,2x/day,True,Unknown,[],City of San Diego,Unknown,1703891400.79689,1703891400.79689
Kellogg (La Jolla Shores) Comfort Station South,"8300 Camino Del Oro, 92037",0,0,24 hrs.,2x/day,True,Unknown,[],City of San Diego,Unknown,1703891400.79689,1703891400.79689
Kelly Street Comfort Station,"6640 Kelly Street, 92111",0,0,24 hrs.,Daily,True,Unknown,[],City of San Diego,Unknown,1703891400.79689,1703891400.79689
Lake Murray Comfort Station,"7051 Murray Park Drive, 92120",0,0,Sunrise to Sunset,Daily,True,Unknown,[],City of San Diego,Unknown,1703891400.79689,1703891400.79689
Lakeview Comfort Station,"10788 Mira Lago Trail, 92131",0,0,7:00am - Dusk,Daily,True,Unknown,[],City of San Diego,Unknown,1703891400.79689,1703891400.79689
Linda Vista Comfort Station,"6842 Osler St, 92111",0,0,9:00am - 9:00pm,Daily,True,Unknown,[],City of San Diego,Unknown,1703891400.79689,1703891400.79689
Linda Vista Gymnasium,"6842 Osler St, 92111",0,0,Gym Hours,Daily,True,Unknown,[],City of San Diego,Unknown,1703891400.79689,1703891400.79689
Linda Vista Recreation Center,"7064 Levant St., 92111",0,0,Rec. Center Hours,Daily,True,Unknown,[],City of San Diego,Unknown,1703891400.79689,1703891400.79689
Lindbergh Comfort Station,"4141 Ashford Street, 92111",0,0,24 hrs.,Daily,True,Unknown,[],City of San Diego,Unknown,1703891400.79689,1703891400.79689
San Ysidro Community Center (Casa Familiar),"247 E Park Ave., 92173",0,0,Rec. Center Hours,Daily,True,Unknown,[],City of San Diego,Unknown,1703891400.79689,1703891400.79689
Marie Widman Memorial Comfort Station,"6727 Imperial Ave., 92114",0,0,24 hrs.,Daily,True,Unknown,[],City of San Diego,Unknown,1703891400.79689,1703891400.79689
Marshall Middle School Comfort Station,"9700 Avenue of Nations, 92131",0,0,Joint Use Hours,Daily,True,Unknown,[],City of San Diego,Unknown,1703891400.79689,1703891400.79689
Serra Mesa Recreation Center,"9020 Village Glen Drive, 92123",0,0,Rec. Center Hours,Daily,True,Unknown,[],City of San Diego,Unknown,1703891400.79689,1703891400.79689
"Martin Luther King, Jr. Comfort Station","6407 Skyline Dr., 92114",0,0,24 hrs.,Daily,True,Unknown,[],City of San Diego,Unknown,1703891400.79689,1703891400.79689
"Martin Luther King, Jr. Pool","6407 Skyline Dr., 92114",0,0,Aquatic Center Hours,Daily,True,Unknown,[],City of San Diego,Unknown,1703891400.79689,1703891400.79689
Skyline Hills Comfort Station,"8285 Skyline Dr., 92114",0,0,Rec. Center Hours,Daily,True,Unknown,[],City of San Diego,Unknown,1703891400.79689,1703891400.79689
Skyline Hills Recreation Center,"8285 Skyline Dr., 92114",0,0,Rec. Center Hours,Daily,True,Unknown,[],City of San Diego,Unknown,1703891400.79689,1703891400.79689
"Martin Luther King, Jr. Recreation Center","6407 Skyline Dr., 92114",0,0,Rec. Center Hours,Daily,True,Unknown,[],City of San Diego,Unknown,1703891400.79689,1703891400.79689
Memorial Comfort Station,"2947 Ocean View Blvd., 92113",0,0,24 hrs.,Daily,True,Unknown,[],City of San Diego,Unknown,1703891400.79689,1703891400.79689
Memorial Dolores Magdaleno Recreation Center,"2947 Ocean View Blvd., 92113",0,0,Rec. Center Hours,Daily,True,Unknown,[],City of San Diego,Unknown,1703891400.79689,1703891400.79689
South Creek Comfort Station,"12245 Wickerbay Cove, 92128",0,0,24 hrs.,Daily,True,Unknown,[],City of San Diego,Unknown,1703891400.79689,1703891400.79689
Mira Mesa Comfort Station,"8460 Mira Mesa Blvd., 92126",0,0,Senior Center Hours,Daily,True,Unknown,[],City of San Diego,Unknown,1703891400.79689,1703891400.79689
South Village Comfort Station,"9353 Oviedo Street, 92129",0,0,24 hrs.,Daily,True,Unknown,[],City of San Diego,Unknown,1703891400.79689,1703891400.79689
Mission Bay Athletic Area/Bob McEvoy Field Comfort Station,"2697 Grand Ave., 92109",0,0,24 hrs.,Daily,True,Unknown,[],City of San Diego,Unknown,1703891400.79689,1703891400.79689
Stockton Recreation Center – King Chavez Elementary School,"415 31st St., 92102",0,0,Rec. Center Hours,Daily,True,Unknown,[],City of San Diego,Unknown,1703891400.79689,1703891400.79689
Mission Bay Park - Bonita Cove East Comfort Station,"1100 W Mission Bay Dr, 92109",0,0,24 hrs.,2x/day,True,Unknown,[],City of San Diego,Unknown,1703891400.79689,1703891400.79689
Swanson Pool,"3585 Governor Dr., 92122",0,0,Aquatic Center Hours,Daily,True,Unknown,[],City of San Diego,Unknown,1703891400.79689,1703891400.79689
Mission Bay Park - Bonita Cove West Comfort Station,"1100 W Mission Bay Dr, 92109",0,0,24 hrs.,2x/day,True,Unknown,[],City of San Diego,Unknown,1703891400.79689,1703891400.79689
Mission Bay Park - Hospitality Point Comfort Station,"2536 Quivira Ct, 92109",0,0,24 hrs.,2x/day,True,Unknown,[],City of San Diego,Unknown,1703891400.79689,1703891400.79689
East Village Green - 1330 G Street Portable Restroom,"1330 G Street, 92101",0,0,24 hrs.,3x/day Temp,True,Unknown,[],City of San Diego,Unknown,1703891400.79689,1703891400.79689
16th Street and Imperial Avenue Portable Restrooms,"101 16th Street, 92101",0,0,24 hrs.,3x/day Temp,True,Unknown,[],City of San Diego,Unknown,1703891400.79689,1703891400.79689
City Adminstration Building,"202 C Street, 92101",0,0,24 hrs.,6x/day,True,Unknown,[],City of San Diego,Unknown,1703891400.79689,1703891400.79689
Mission Bay Park - Mission Point Comfort Station,"2600 Bayside Ln, 92109",0,0,24 hrs.,2x/day,True,Unknown,[],City of San Diego,Unknown,1703891400.79689,1703891400.79689
Park de la Cruz Community Center,"3901 Landis St, 92105",0,0,Rec. Center Hours,Daily,True,Unknown,[],City of San Diego,Unknown,1703891400.79689,1703891400.79689
Park de la Cruz Gymnasium,"3901 Landis St, 92105",0,0,Rec. Center Hours,Daily,True,Unknown,[],City of San Diego,Unknown,1703891400.79689,1703891400.79689
Old San Ysidro Library,"101 West San Ysidro Blvd, 92173",0,0,Rec. Center Hours,Daily,True,Unknown,[],City of San Diego,Unknown,1703891400.79689,1703891400.79689
Tierrasanta Pool,"11238 Clairemont Mesa Bl., 92124",0,0,Aquatic Center Hours,Daily,True,Unknown,[],City of San Diego,Unknown,1703891400.79689,1703891400.79689
Torrey Hills Comfort Station,"4262 Calle Mejillones, 92130",0,0,24 hrs.,Daily,True,Unknown,[],City of San Diego,Unknown,1703891400.79689,1703891400.79689
Mission Bay Park - Santa Clara Point North Comfort Station,"1008 Santa Clara Pl., 92109",0,0,24 hrs.,2x/day,True,Unknown,[],City of San Diego,Unknown,1703891400.79689,1703891400.79689
Vista Pacifica Comfort Station,"6066 Avenida de las Vistas, 92154",0,0,24 hrs.,Daily,True,Unknown,[],City of San Diego,Unknown,1703891400.79689,1703891400.79689
Mission Bay Park - Playa Pacific 1 Comfort Station,"1093 E Mission Bay Dr, 92109",0,0,24 hrs.,2x/day,True,Unknown,[],City of San Diego,Unknown,1703891400.79689,1703891400.79689
Vista Terrace Comfort Station,"301 Athey Ave., 92173",0,0,24 hrs.,Daily,True,Unknown,[],City of San Diego,Unknown,1703891400.79689,1703891400.79689
Vista Terrace Pool,"301 Athey Ave., 92173",0,0,Aquatic Center Hours,Daily,True,Unknown,[],City of San Diego,Unknown,1703891400.79689,1703891400.79689
Mission Bay Park - Playa Pacific 2 Comfort Station,"1093 E Mission Bay Dr, 92109",0,0,24 hrs.,2x/day,True,Unknown,[],City of San Diego,Unknown,1703891400.79689,1703891400.79689
Wegeforth Elementary School Comfort Station,"3443 Ediwhar Ave., 92123",0,0,During joint use hours,Daily,True,Unknown,[],City of San Diego,Unknown,1703891400.79689,1703891400.79689
Mission Bay Park - Playa Pacific 3 Comfort Station,"1093 E Mission Bay Dr, 92109",0,0,24 hrs.,2x/day,True,Unknown,[],City of San Diego,Unknown,1703891400.79689,1703891400.79689
Mission Bay Park - Robb Field Restroom #3,"W. Pt. Loma Blvd. & Bacon St., 92107",0,0,8:00am - Dusk,2x/day,True,Unknown,[],City of San Diego,Unknown,1703891400.79689,1703891400.79689
Mission Bay Park - Santa Clara Recreation Center,"1008 Santa Clara Pl., 92109",0,0,Rec. Center Hours,2x/day,True,Unknown,[],City of San Diego,Unknown,1703891400.79689,1703891400.79689
Mission Bay Park - Sunset Point Comfort Station,"1400 Dana Landing Rd, 92109",0,0,24 hrs.,2x/day,True,Unknown,[],City of San Diego,Unknown,1703891400.79689,1703891400.79689
Mission Bay Park - Tecolote North Comfort Station,"1740 E Mission Bay Dr, 92109",0,0,24 hrs.,2x/day,True,Unknown,[],City of San Diego,Unknown,1703891400.79689,1703891400.79689
Mission Bay Park - Tecolote South Comfort Station,"1740 E Mission Bay Dr, 92109",0,0,24 hrs.,2x/day,True,Unknown,[],City of San Diego,Unknown,1703891400.79689,1703891400.79689
Mission Bay Park - Ventura Point Comfort Station,"3211 Gleason Road, 92109",0,0,24 hrs.,2x/day,True,Unknown,[],City of San Diego,Unknown,1703891400.79689,1703891400.79689
Mission Hills Comfort Station,"1586 Washington Place, 92103",0,0,24 hrs.,2x/day,True,Unknown,[],City of San Diego,Unknown,1703891400.79689,1703891400.79689
Mission Trails Cowles Mountain Comfort Station,"7001 Golfcrest Drive, 92119",0,0,24 hrs.,Daily,True,Unknown,[],City of San Diego,Unknown,1703891400.79689,1703891400.79689
Mountain View Comfort Station,"551 S. 40th St., 92113",0,0,24 hrs.,Daily,True,Unknown,[],City of San Diego,Unknown,1703891400.79689,1703891400.79689
Mountain View Recreation Center,"551 S. 40th St., 92113",0,0,Rec. Center Hours,Daily,True,Unknown,[],City of San Diego,Unknown,1703891400.79689,1703891400.79689
Mt. Acadia Comfort Station,"3865 Mt Acadia Boulevard, 92111",0,0,24 hrs.,Daily,True,Unknown,[],City of San Diego,Unknown,1703891400.79689,1703891400.79689
Mt. Etna Comfort Station,"4741 Mt Etna Drive, 92117",0,0,24 hrs.,Daily,True,Unknown,[],City of San Diego,Unknown,1703891400.79689,1703891400.79689
Naval Training Center Comfort Station #1,"Cushing Rd. & Rosevelt, 92106",0,0,Sunrise to Sunset,Daily,True,Unknown,[],City of San Diego,Unknown,1703891400.79689,1703891400.79689
Naval Training Center Comfort Station #2,"Cushing Rd. & Farragut St., 92106",0,0,Sunrise to Sunset,Daily,True,Unknown,[],City of San Diego,Unknown,1703891400.79689,1703891400.79689
Naval Training Center Comfort Station #3,"2775 1/3 Cushing Rd., 92106",0,0,Sunrise to Sunset,Daily,True,Unknown,[],City of San Diego,Unknown,1703891400.79689,1703891400.79689
North Park Adult Center,2719 Howard Avenue,0,0,Adult Center Hours,Daily,True,Unknown,[],City of San Diego,Unknown,1703891400.79689,1703891400.79689
Ocean Beach Recreation Center,"1984 Ebers St., 92107",0,0,Rec. Center Hours,Daily,True,Unknown,[],City of San Diego,Unknown,1703891400.79689,1703891400.79689
Olive Grove Comfort Station,"6075 Printwood Way, 92117",0,0,24 hrs.,Daily,True,Unknown,[],City of San Diego,Unknown,1703891400.79689,1703891400.79689
Palm Ridge Comfort Station,"751 Firethorn St., 92154",0,0,24 hrs.,Daily,True,Unknown,[],City of San Diego,Unknown,1703891400.79689,1703891400.79689
Peñasquitos Skate Park Restroom,"10129 Carmel Mountain Rd., 92129",0,0,Skate Park Hours,Daily,True,Unknown,[],City of San Diego,Unknown,1703891400.79689,1703891400.79689
Presidio Park Recreation Center,"2811 Jackson St., 92110",0,0,Rec. Center Hours,2x/day,True,Unknown,[],City of San Diego,Unknown,1703891400.79689,1703891400.79689
Rancho Bernardo Comfort Station #1,"18448 W Bernardo Drive, 92127",0,0,24 hrs.,Daily,True,Unknown,[],City of San Diego,Unknown,1703891400.79689,1703891400.79689
Rancho Bernardo Comfort Station #2,"18448 W Bernardo Drive, 92127",0,0,24 hrs.,Daily,True,Unknown,[],City of San Diego,Unknown,1703891400.79689,1703891400.79689
Rancho Bernardo Ed Brown Senior Center,"18402 W Bernardo Drive, 92127",0,0,Senior Center Hours,Daily,True,Unknown,[],City of San Diego,Unknown,1703891400.79689,1703891400.79689
Rancho Bernardo Recreation Center,"18448 W Bernardo Drive, 92127",0,0,Rec. Center Hours,Daily,True,Unknown,[],City of San Diego,Unknown,1703891400.79689,1703891400.79689
Robert Egger-South Bay Recreation Center,"1885 Coronado Ave., 92154",0,0,Rec. Center Hours,Daily,True,Unknown,[],City of San Diego,Unknown,1703891400.79689,1703891400.79689
Sabre Springs Comfort Station,"12953 Sabre Springs Parkway, 92128",0,0,24 hrs.,Daily,True,Unknown,[],City of San Diego,Unknown,1703891400.79689,1703891400.79689
Sage Canyon Comfort Station,"5252 Harvest Run Drive, 92130",0,0,24 hrs.,Daily,True,Unknown,[],City of San Diego,Unknown,1703891400.79689,1703891400.79689
Scripps-Miramar Ranch Comfort Station,"11424 Blue Cypress Dr., 92131",0,0,24 hrs.,Daily,True,Unknown,[],City of San Diego,Unknown,1703891400.79689,1703891400.79689
Scripps-Miramar Ranch Recreation Center,"11424 Blue Cypress Dr., 92131",0,0,Rec. Center Hours,Daily,True,Unknown,[],City of San Diego,Unknown,1703891400.79689,1703891400.79689
Sefton Fields Portable Restroom,"2508 Hotel Circle Place, 92108",0,0,During field use,Daily,True,Unknown,[],City of San Diego,Unknown,1703891400.79689,1703891400.79689
Silver Wing Comfort Station,"3737 Arey Dr. , 92154",0,0,24 hrs.,Daily,True,Unknown,[],City of San Diego,Unknown,1703891400.79689,1703891400.79689
Silver Wing Recreation Center,"3737 Arey Dr. , 92154",0,0,Rec. Center Hours,Daily,True,Unknown,[],City of San Diego,Unknown,1703891400.79689,1703891400.79689
Solana Ranch Park Comfort Station,13605 Pacific Highlands Ranch Pkwy 92130,0,0,24 hrs.,Daily,True,Unknown,[],City of San Diego,Unknown,1703891400.79689,1703891400.79689
South Clairemont Recreation Center,"3577 Clairemont Dr., 92117",0,0,Rec. Center Hours,Daily,True,Unknown,[],City of San Diego,Unknown,1703891400.79689,1703891400.79689
Southcrest Comfort Station,"1297 S 40th St, 92113",0,0,24 hrs.,Daily,True,Unknown,[],City of San Diego,Unknown,1703891400.79689,1703891400.79689
Southcrest Recreation Center,"1297 S 40th St, 92113",0,0,Rec. Center Hours,Daily,True,Unknown,[],City of San Diego,Unknown,1703891400.79689,1703891400.79689
Southcrest Teen Center,"1297 S 40th St, 92113",0,0,Teen Center Hours,Daily,True,Unknown,[],City of San Diego,Unknown,1703891400.79689,1703891400.79689
Spring Canyon Comfort Station,"11157 Scripps Poway Pkwy., 92131",0,0,24 hrs.,Daily,True,Unknown,[],City of San Diego,Unknown,1703891400.79689,1703891400.79689
Standley Recreation Center,"3547 Governor Dr., 92122",0,0,Rec. Center Hours,Daily,True,Unknown,[],City of San Diego,Unknown,1703891400.79689,1703891400.79689
Stonebridge Comfort Station,15030 Sycamore Trail Road,0,0,24 hrs.,Daily,True,Unknown,[],City of San Diego,Unknown,1703891400.79689,1703891400.79689
Sunshine Berardini Field Comfort Station,"4416 Federal Blvd., 92102",0,0,Little League Hours,Daily,True,Unknown,[],City of San Diego,Unknown,1703891400.79689,1703891400.79689
Sycamore Canyon Comfort Station,13745 Stonebridge Pkwy.,0,0,24 hrs.,Daily,True,Unknown,[],City of San Diego,Unknown,1703891400.79689,1703891400.79689
Tecolote Comfort Station,"1701 Tecolote Rd., 92110",0,0,24 hrs.,Daily,True,Unknown,[],City of San Diego,Unknown,1703891400.79689,1703891400.79689
Tecolote Recreation Center,"1701 Tecolote Rd., 92110",0,0,Rec. Center Hours,Daily,True,Unknown,[],City of San Diego,Unknown,1703891400.79689,1703891400.79689
Teralta Comfort Station,"4100 Central Ave., 92105",0,0,24 hrs.,Daily,True,Unknown,[],City of San Diego,Unknown,1703891400.79689,1703891400.79689
Tierrasanta Comfort Station,"11220 Clairemont Mesa Bl., 92124",0,0,24 hrs.,Daily,True,Unknown,[],City of San Diego,Unknown,1703891400.79689,1703891400.79689
Willie Henderson Sports Complex Portable Restroom,"1092 S 45th Street, 92113",0,0,24 hrs.,Daily,True,Unknown,[],City of San Diego,Unknown,1703891400.79689,1703891400.79689
Willie Henderson Sports Complex Recreation Center,"1092 S 45th Street, 92113",0,0,24 hrs.,Daily,True,Unknown,[],City of San Diego,Unknown,1703891400.79689,1703891400.79689
Gaslamp Square Park (Tin Fish Restaurant),"170 Sixth Avenue, 92101",0,0,6:00am - 9:00pm,6x/day,True,Unknown,[],City of San Diego,Unknown,1703891400.79689,1703891400.79689
Tecolote Nature Center,"5180 Tecolote Rd, 92110",0,0,7:30am - 3:30pm,2x/day,True,Unknown,[],City of San Diego,Unknown,1703891400.79689,1703891400.79689
Horton Plaza Park,"900 Fourth Ave, 92101",0,0,Temporarily Closed,Daily,True,Unknown,[],City of San Diego,Unknown,1703891400.79689,1703891400.79689
Civita Central Park - South,"7960 Civita Blvd, 92108",0,0,24 hrs.,Daily,True,Unknown,[],City of San Diego,Unknown,1703891400.79689,1703891400.79689
Civita Central Park - North,"7960 Civita Blvd, 92108",0,0,24 hrs.,Daily,True,Unknown,[],City of San Diego,Unknown,1703891400.79689,1703891400.79689
Tierrasanta Hex Building,"11220 Clairemont Mesa Bl., 92124",0,0,Building Hours,Daily,True,Unknown,[],City of San Diego,Unknown,1703891400.79689,1703891400.79689
Tierrasanta Recreation Center,"11220 Clairemont Mesa Bl., 92124",0,0,Rec. Center Hours,Daily,True,Unknown,[],City of San Diego,Unknown,1703891400.79689,1703891400.79689
Torrey Highlands Comfort Station,"4450 Lansdale Dr., 92130",0,0,24 hrs.,Daily,True,Unknown,[],City of San Diego,Unknown,1703891400.79689,1703891400.79689
Torrey Pines Golf Clubhouse,"11480 N. Torrey Pines Rd., 92037",0,0,Clubhouse Hours,Daily,True,Unknown,[],City of San Diego,Unknown,1703891400.79689,1703891400.79689
Tourmaline Surfing Beach Restroom,"601 Tourmaline Street, 92109",0,0,24 hrs.,2x/day,True,Unknown,[],City of San Diego,Unknown,1703891400.79689,1703891400.79689
University Gardens Comfort Station,"6431 Gullstrand Street, 92122",0,0,24 hrs.,Daily,True,Unknown,[],City of San Diego,Unknown,1703891400.79689,1703891400.79689
Views West Comfort Station,"12904 La Tortola, 92129",0,0,24 hrs.,Daily,True,Unknown,[],City of San Diego,Unknown,1703891400.79689,1703891400.79689
Ward Canyon Comfort Station,"4642 40th Street, 92116",0,0,24 hrs.,Daily,True,Unknown,[],City of San Diego,Unknown,1703891400.79689,1703891400.79689
Westview Comfort Station,"11278 Westview Parkway, 92126",0,0,24 hrs.,Daily,True,Unknown,[],City of San Diego,Unknown,1703891400.79689,1703891400.79689
Windansea Beach Portable Restroom,"6950 Neptune Place, 92037",0,0,24 hrs.,Daily,True,Unknown,[],City of San Diego,Unknown,1703891400.79689,1703891400.79689
Balboa Park - Frisbee Golf Course Comfort Station,"3090 Pershing Drive, 92104",0,0,24 hrs.,2x/day,True,Unknown,[],City of San Diego,Unknown,1703891400.79689,1703891400.79689
La Jolla Athletic Area Portable Restroom,"4636 Torrey Pines Road, 92130",0,0,During field use,Daily,True,Unknown,[],City of San Diego,Unknown,1703891400.79689,1703891400.79689
Mission Bay Park - Bahia Comfort Station,"Gleason Road, 92109",0,0,24 hrs.,2x/day,True,Unknown,[],City of San Diego,Unknown,1703891400.79689,1703891400.79689
Mount Hope Cemetery Main Office,"3700 Imperial Ave, 92113",0,0,8:00am - 3:30pm Mon-Fri 8:00am - 4:00pm Weekends,Daily,True,Unknown,[],City of San Diego,Unknown,1703891400.79689,1703891400.79689
Nobel Athletic Area Comfort Station,"8810 Judicial Drive, 92121",0,0,24 hrs.,Daily,True,Unknown,[],City of San Diego,Unknown,1703891400.79689,1703891400.79689
Nobel Recreation Center,"8810 Judicial Drive, 92121",0,0,Rec. Center Hours,Daily,True,Unknown,[],City of San Diego,Unknown,1703891400.79689,1703891400.79689
Ocean Beach Park - Abbott Street / Santa Monica Avenue Comfort Station,At OB Lifeguard Tower,0,0,24 hrs.,2x/day,True,Unknown,[],City of San Diego,Unknown,1703891400.79689,1703891400.79689
Ocean Beach Park - Brighton Avenue / Spray Street Comfort Station,"End of Brighton Ave, 92107",0,0,24 hrs.,2x/day,True,Unknown,[],City of San Diego,Unknown,1703891400.79689,1703891400.79689
Ocean Beach Park - Niagara Avenue Comfort Station,Niagara Avenue,0,0,24 hrs.,2x/day,True,Unknown,[],City of San Diego,Unknown,1703891400.79689,1703891400.79689
Pacific Beach Drive (between Ocean Front Walk and Mission Boulevard) Comfort Station,Ocean Front Walk and Mission Boulevard,0,0,24 hrs.,2x/day,True,Unknown,[],City of San Diego,Unknown,1703891400.79689,1703891400.79689
Pacific Beach Park - Ocean Front Walk / Diamond Street Comfort Station,Ocean Front Walk and Diamond Street,0,0,24 hrs.,2x/day,True,Unknown,[],City of San Diego,Unknown,1703891400.79689,1703891400.79689
Pacific Beach Park - Ocean Front Walk / Grand Avenue Comfort Station,Ocean Front Walk and Grand Avenue,0,0,24 hrs.,2x/day,True,Unknown,[],City of San Diego,Unknown,1703891400.79689,1703891400.79689
Pacific Beach Park - Palisades - Ocean Front Walk / Law Street Comfort Station,Ocean Front Walk and Law Street,0,0,24 hrs.,2x/day,True,Unknown,[],City of San Diego,Unknown,1703891400.79689,1703891400.79689
Presidio Park - Cosoy Way Comfort Station,Cosoy Way,0,0,24 hrs.,Daily,True,Unknown,[],City of San Diego,Unknown,1703891400.79689,1703891400.79689
Presidio Park - Palm Canyon Comfort Station,Off Taylor Street at Palm Canyon Entrance,0,0,24 hrs.,2x/day,True,Unknown,[],City of San Diego,Unknown,1703891400.79689,1703891400.79689
Solana Highlands Elementary Comfort Station,"3894 Long Run Dr., 92130",0,0,Joint Use Hours,Daily,True,Unknown,[],City of San Diego,Unknown,1703891400.79689,1703891400.79689
Solana Ranch Comfort Station,"13597 Pacific Highlands Pkwy., 92130",0,0,24 hrs.,Daily,True,Unknown,[],City of San Diego,Unknown,1703891400.79689,1703891400.79689
South Mission Beach - Ocean Front Walk / North Jetty Road Comfort Station,Ocean Front Walk / North Jetty Road,0,0,24 hrs.,2x/day,True,Unknown,[],City of San Diego,Unknown,1703891400.79689,1703891400.79689
Sunset Cliffs Natural Park Portable Restroom,"Ladera St. Parking Lot, 92106",0,0,24 hrs.,2x/day,True,Unknown,[],City of San Diego,Unknown,1703891400.79689,1703891400.79689
Torrey Meadows Comfort Station,"13516 Torrey Meadows Dr., 92129",0,0,24 hrs.,Daily,True,Unknown,[],City of San Diego,Unknown,1703891400.79689,1703891400.79689
Mission Bay Park - Fanuel Park Comfort Station,South End of Fanuel Street at Bayside Walk,0,0,24 hrs.,2x/day,True,Unknown,[],City of San Diego,Unknown,1703891400.79689,1703891400.79689
Mission Bay Park - El Carmel Comfort Station,End of El Carmel Place,0,0,24 hrs.,2x/day,True,Unknown,[],City of San Diego,Unknown,1703891400.79689,1703891400.79689
Mission Bay Park - North Cove Comfort Station,North end of frontage road next to Ingraham Street,0,0,24 hrs.,2x/day,True,Unknown,[],City of San Diego,Unknown,1703891400.79689,1703891400.79689
Mission Bay Park - De Anza North Comfort Station,"3000 N Mission Bay Dr, San Diego, CA 92109",0,0,24 hrs.,2x/day,True,Unknown,[],City of San Diego,Unknown,1703891400.79689,1703891400.79689
Mission Bay Park - South Shores Comfort Station,"S Shores Park Driveway, 92109",0,0,24 hrs.,2x/day,True,Unknown,[],City of San Diego,Unknown,1703891400.79689,1703891400.79689
Mission Bay Park - Vacation Isle West Comfort Station,West of Model Yacht Pond and south of Paradise Point,0,0,24 hrs.,2x/day,True,Unknown,[],City of San Diego,Unknown,1703891400.79689,1703891400.79689
Mission Bay Park - De Anza South Comfort Station,"3000 N Mission Bay Dr, San Diego, CA 92109",0,0,24 hrs.,2x/day,True,Unknown,[],City of San Diego,Unknown,1703891400.79689,1703891400.79689
Mission Bay Park - Ski Beach Middle Comfort Station,East side of Ingraham Street near Ski Beach parking lot,0,0,24 hrs.,2x/day,True,Unknown,[],City of San Diego,Unknown,1703891400.79689,1703891400.79689
Mission Bay Park - Ski Beach South Comfort Station,East side of Ingraham Street near Ski Beach parking lot,0,0,24 hrs.,2x/day,True,Unknown,[],City of San Diego,Unknown,1703891400.79689,1703891400.79689
Mission Bay Park - Ski Beach North Comfort Station,East side of Ingraham Street near Ski Beach parking lot,0,0,24 hrs.,2x/day,True,Unknown,[],City of San Diego,Unknown,1703891400.79689,1703891400.79689
Mission Trails Regional Park East Fortuna Staging Area Comfort Station,Equestrian Circle,0,0,24 hrs.,Daily,True,Unknown,[],City of San Diego,Unknown,1703891400.79689,1703891400.79689
Mission Trails Regional Park Visitors Center,"1 Father Junipero Serra Trail, 92119",0,0,Visitor Center Hours,Daily,True,Unknown,[],City of San Diego,Unknown,1703891400.79689,1703891400.79689
Mission Trails Regional Park Kumeyaay Campground,"2 Father Junipero Serra Trail, 92119",0,0,24 hrs.,Daily,True,Unknown,[],City of San Diego,Unknown,1703891400.79689,1703891400.79689
Montgomery-Waller Comfort Station,"3020 Coronado Ave., 92154",0,0,24 hrs.,Daily,True,Unknown,[],City of San Diego,Unknown,1703891400.79689,1703891400.79689
Mission Bay Park - Vacation Isle East Comfort Station,East of Model Yacht Pond and south of Paradise Point,0,0,24 hrs.,2x/day,True,Unknown,[],City of San Diego,Unknown,1703891400.79689,1703891400.79689
Mission Bay Park - Dana Basin Comfort Station,Next to Dana Landing Boat Ramp,0,0,24 hrs.,2x/day,True,Unknown,[],City of San Diego,Unknown,1703891400.79689,1703891400.79689
Mission Bay Park - Crown Point South Comfort Station,"Crown Point Dr/Corona Oriente Rd., 92109",0,0,24 hrs.,2x/day,True,Unknown,[],City of San Diego,Unknown,1703891400.79689,1703891400.79689
Mission Bay Park - Crown Point North Comfort Station,"Crown Point Dr/Corona Oriente Rd., 92109",0,0,24 hrs.,2x/day,True,Unknown,[],City of San Diego,Unknown,1703891400.79689,1703891400.79689
Balboa Park - Balboa Drive and Juniper Street Comfort Station,"Balboa Drive and Juniper Street, 92103",0,0,24 hrs.,2x/day,True,Unknown,[],City of San Diego,Unknown,1703891400.79689,1703891400.79689
Balboa Park - Morley Field Drive at Ball Fields Comfort Station,"Joe Schloss Way, 92104",0,0,24 hrs.,2x/day,True,Unknown,[],City of San Diego,Unknown,1703891400.79689,1703891400.79689
Balboa Park - Morley Field near Balboa Tennis Complex,"2221 Morley Field Drive, 92104",0,0,24 hrs.,2x/day,True,Unknown,[],City of San Diego,Unknown,1703891400.79689,1703891400.79689
Balboa Park - Morley Field Velodrome Comfort Station,"2516 Pershing Drive, 92104",0,0,24 hrs.,2x/day,True,Unknown,[],City of San Diego,Unknown,1703891400.79689,1703891400.79689
Balboa Park - Morley Field/Bocce Ball-Jacaranda Comfort Station,"Jacaranda Place, 92104",0,0,Closed Nightly,2x/day,True,Unknown,[],City of San Diego,Unknown,1703891400.79689,1703891400.79689
Balboa Park - North Pepper Grove Comfort Station,"Pepper Grove, 92101",0,0,24 hrs.,2x/day,True,Unknown,[],City of San Diego,Unknown,1703891400.79689,1703891400.79689
Balboa Park - South Pepper Grove Comfort Station,"Pepper Grove, 92101",0,0,24 hrs.,2x/day,True,Unknown,[],City of San Diego,Unknown,1703891400.79689,1703891400.79689
Balboa Park - Spreckles Organ Pavilion Comfort Station,"2125 Pan American Road East, 92101",0,0,24 hrs.,2x/day,True,Unknown,[],City of San Diego,Unknown,1703891400.79689,1703891400.79689
Black Mountain Ranch Portable Restroom,"14700 Carmel Valley Road, 92128",0,0,24 hrs.,Daily,True,Unknown,[],City of San Diego,Unknown,1703891400.79689,1703891400.79689
Cabrillo Recreation Center,"3120 Talburt St., 92106",0,0,Rec. Center Hours,Daily,True,Unknown,[],City of San Diego,Unknown,1703891400.79689,1703891400.79689
Carmel Creek Comfort Station,"4260 Carmel Center Road, 92103",0,0,24 hrs.,Daily,True,Unknown,[],City of San Diego,Unknown,1703891400.79689,1703891400.79689
Carmel del Mar Comfort Station,"12345 Carmel Park Drive, 92103",0,0,24 hrs.,Daily,True,Unknown,[],City of San Diego,Unknown,1703891400.79689,1703891400.79689
Chollas Lake Comfort Station,"6350 College Grove Dr., 92105",0,0,Sunrise to Sunset,2x/day,True,Unknown,[],City of San Diego,Unknown,1703891400.79689,1703891400.79689
Chollas Park - North Chollas Comfort Station,Chollas Station Road,0,0,Sunrise to Sunset,Daily,True,Unknown,[],City of San Diego,Unknown,1703891400.79689,1703891400.79689
Civita Park Comfort Station (Lower),"7964 Civita Blvd., 92111",0,0,Sunrise to Sunset,Daily,True,Unknown,[],City of San Diego,Unknown,1703891400.79689,1703891400.79689
Civita Park Comfort Station (Upper),"7964 Civita Blvd., 92111",0,0,Sunrise to Sunset,Daily,True,Unknown,[],City of San Diego,Unknown,1703891400.79689,1703891400.79689
Colina del Sol Recreation Center,"4150 54th Place, 92115",0,0,Rec. Center Hours,Daily,True,Unknown,[],City of San Diego,Unknown,1703891400.79689,1703891400.79689
Colina del Sol Pool,"4150 54th Place, 92115",0,0,Aquatic Center Hours,Daily,True,Unknown,[],City of San Diego,Unknown,1703891400.79689,1703891400.79689
Colina del Sol Comfort Station,"4150 54th Place, 92115",0,0,24 hrs.,Daily,True,Unknown,[],City of San Diego,Unknown,1703891400.79689,1703891400.79689
Golden Hill Comfort Station #2,"25th St. & Golden Hill Dr., 92102",0,0,24 hrs.,Daily,True,Unknown,[],City of San Diego,Unknown,1703891400.79689,1703891400.79689
Montgomery-Waller Recreation Center,Unknown,0,0,Unknown,Unknown,True,Unknown,[],City of San Diego,Unknown,1703891400.79689,1703891400.79689
Hickman Field Portable Restroom,"Pepper Grove, 92101",0,0,24 hrs.,2x/day,True,Unknown,[],City of San Diego,Unknown,1703891400.79689,1703891400.79689
Spanish Landing Park West - Comfort Station - Central,"3900 N Harbor Dr, San Diego, CA 92101",0,0,6:00am - 10:30pm,Unknown,True,Unknown,[],Port of San Diego,Unknown,1703891400.79689,1703891400.79689
Harbor Island Park - Comfort Station,"1875 Harbor Island Dr, San Diego, CA 92101",0,0,6:00am - 10:30pm,Unknown,True,Unknown,[],Port of San Diego,Unknown,1703891400.79689,1703891400.79689
Broadway Landing - Comfort Station,"1145 N Harbor Dr, San Diego, CA 92101",0,0,24 hrs.,Unknown,True,Unknown,[],Port of San Diego,Unknown,1703891400.79689,1703891400.79689
Seaport Village Restroom - East,"803 W Harbor Dr, San Diego, CA 92101",0,0,11:00am - 7:00pm,Unknown,True,Unknown,[],Port of San Diego,Unknown,1703891400.79689,1703891400.79689
Tuna Harbor - G Street Mole - Comfort Station,G St and Tuna Ln Park,0,0,6:00am - 10:30pm,Unknown,True,Unknown,[],Port of San Diego,Unknown,1703891400.79689,1703891400.79689
Embarcadero Marina Park North - Comfort Station,"West of Seaport Village, Foot of Marina Park Way",0,0,6:00am - 10:30pm,Unknown,True,Unknown,[],Port of San Diego,Unknown,1703891400.79689,1703891400.79689
Embarcadero Marina Park South - Comfort Station,Marina Park Way,0,0,6:00am - 10:30pm,Unknown,True,Unknown,[],Port of San Diego,Unknown,1703891400.79689,1703891400.79689
The Hilton,One Park Boulevard; attached to the public parking garage,0,0,Unknown,Unknown,True,Unknown,[],Port of San Diego,Unknown,1703891400.79689,1703891400.79689
Fifth Avenue Landing - Comfort Station,Waterfront @ 5th,0,0,6:00am - 10:30pm,Unknown,True,Unknown,[],Port of San Diego,Unknown,1703891400.79689,1703891400.79689
Ruocco Park - Comfort Station - Concession Stand,Harbor-Pacific Highway,0,0,6:00am - 10:30pm,Unknown,True,Unknown,[],Port of San Diego,Unknown,1703891400.79689,1703891400.79689
Clay Neighborhood Park Portable Restrooms,"4767 Seminole Dr., 92115",0,0,24 hrs.,3x/day,True,Unknown,[],City of San Diego,Unknown,1703891400.79689,1703891400.79689
Old Central Library Portable Restrooms,"9th St. and E St., 92101",0,0,24 hrs.,3x/day,True,Unknown,[],City of San Diego,Unknown,1703891400.79689,1703891400.79689
Pacific Beach Library Portable Restrooms,"4275 Cass St, San Diego, CA 92109",0,0,24 hrs.,3x/day,True,Unknown,[],City of San Diego,Unknown,1703891400.79689,1703891400.79689
One America Plaza,"600 West Broadway, San Diego, CA 92101",0,0,7:00am - 7:00pm,Unknown,True,Unknown,[],Irvine Company,Unknown,1703891400.79689,1703891400.79689
County Waterfront Park,"Harbor Drive at West Beech Street, San Diego, CA 92101",0,0,6:00am - 10:00pm,Unknown,True,Unknown,[],County of San Diego,Unknown,1703891400.79689,1703891400.79689
Neil Good Day Center,"299 17th Street, San Diego, CA 92101",0,0,6:00am - 4:00pm,Unknown,True,Unknown,[],St. Vincent de Paul,Unknown,1703891400.79689,1703891400.79689
St. Vincent de Paul,"1501 Imperial Avenue, San Diego, CA 92101",0,0,24 hrs.,Unknown,True,Unknown,[],St. Vincent de Paul,Unknown,1703891400.79689,1703891400.79689
The Legend,"Outfield Park 8th Avenue, San Diego, CA 92101",0,0,7:00am - Sunset. Note: Hours of operation and access may vary due to special events.,Unknown,True,Unknown,[],East Village Square,Unknown,1703891400.79689,1703891400.79689
Cesar Chavez Park - Comfort Station,Unknown,0,0,6:00am - 10:30pm,Unknown,True,Unknown,[],Port of San Diego,Unknown,1703891400.79689,1703891400.79689
America's Cup Harbor - Comfort Station - Shore Facility,Unknown,0,0,6:00am - 10:30pm,Unknown,True,Unknown,[],Port of San Diego,Unknown,1703891400.79689,1703891400.79689
Shelter Island Shoreline Park - Comfort Station - Boat Launch Facility,Unknown,0,0,6:00am - 10:30pm,Unknown,True,Unknown,[],Port of San Diego,Unknown,1703891400.79689,1703891400.79689
Shelter Island Shoreline Park - Comfort Station - Shoreline Park South,Unknown,0,0,6:00am - 10:30pm,Unknown,True,Unknown,[],Port of San Diego,Unknown,1703891400.79689,1703891400.79689
Harbor Control Facility - Comfort Station - Transient Dock,Unknown,0,0,6:00am - 10:30pm,Unknown,True,Unknown,[],Port of San Diego,Unknown,1703891400.79689,1703891400.79689
Spanish Landing Park West - Comfort Station - West,Unknown,0,0,6:00am - 10:30pm,Unknown,True,Unknown,[],Port of San Diego,Unknown,1703891400.79689,1703891400.79689
Spanish Landing Park East - Comfort Station,Unknown,0,0,6:00am - 10:30pm,Unknown,True,Unknown,[],Port of San Diego,Unknown,1703891400.79689,1703891400.79689
Embarcadero Crescent - Comfort Station,Unknown,0,0,6:00am - 10:30pm,Unknown,True,Unknown,[],Port of San Diego,Unknown,1703891400.79689,1703891400.79689
Land Field Park - Comfort Station,Unknown,0,0,6:00am - 10:30pm,Unknown,True,Unknown,[],Port of San Diego,Unknown,1703891400.79689,1703891400.79689
Seaport Village - Restroom - West,Unknown,0,0,11:00am - 7:00pm,Unknown,True,Unknown,[],Port of San Diego,Unknown,1703891400.79689,1703891400.79689
Seaport Village - Restroom - Central,Unknown,0,0,11:00am - 7:00pm,Unknown,True,Unknown,[],Port of San Diego,Unknown,1703891400.79689,1703891400.79689
Rady Shell at Jacobs Park - Restroom,Unknown,0,0,6:00am - 10:30pm,Unknown,True,Unknown,[],Port of San Diego,Unknown,1703891400.79689,1703891400.79689
Broadway Pier - Restroom,Unknown,0,0,Sunrise-Sunset,Unknown,True,Unknown,[],Port of San Diego,Unknown,1703891400.79689,1703891400.79689
Park Blvd & Market St,Park Blvd & Market St,0,0,6:00am - 10:00pm,Unknown,True,Unknown,[],City of San Diego,Unknown,1703891400.79689,1703891400.79689
Balboa Park Golf Course - 9-Hole On-Course Restroom,"2600 Golf Course Dr., 92102",0,0,On Course Dawn to Dusk,Daily,True,Unknown,[],City of San Diego,Unknown,1703891400.79689,1703891400.79689
Balboa Park Golf Course - 18-Hole On-Course Restroom #2,"2600 Golf Course Dr., 92102",0,0,On Course Dawn to Dusk,Daily,True,Unknown,[],Unknown,Unknown,1703891400.79689,1703891400.79689
Chollas Lake Portable Toilet,"6350 College Grove Dr., 92105",0,0,Sunrise to Sunset,M-W-F,True,Unknown,[],Unknown,Unknown,1703891400.79689,1703891400.79689
Chollas Park - North Chollas Portable Toilet,Chollas Station Road,0,0,Sunrise to Sunset,M-W-F,True,Unknown,[],Unknown,Unknown,1703891400.79689,1703891400.79689
Gloria's Mesa Portable Toilet,"6350 College Grove Dr., 92105",0,0,Sunrise to Sunset,M-W-F,True,Unknown,[],Unknown,Unknown,1703891400.79689,1703891400.79689
Los Peñasquitos Canyon Preserve West Staging Area Portable Toilet,4300 Sorrento Valley Blvd,0,0,Dawn to Dusk,Weekly,True,Unknown,[],Unknown,Unknown,1703891400.79689,1703891400.79689
Marian Bear Park Comfort Station West,Just east of Genesee Avenue and south of State Route 52 (under freeway ramp),0,0,24 hrs.,2x/day,True,Unknown,[],Unknown,Unknown,1703891400.79689,1703891400.79689
Marian Bear Park Comfort Station East,Just east of Regents Road and south of State Route 52,0,0,24 hrs.,2x/day,True,Unknown,[],Unknown,Unknown,1703891400.79689,1703891400.79689
Otay Valley Regional Park Hollister Staging Area ADA Portable Toilet,"350 Hollister Street, 92154",0,0,24 hrs.,M-W-F,True,Unknown,[],Unknown,Unknown,1703891400.79689,1703891400.79689
Otay Valley Regional Park Mace Street Equestian Staging Area,"210 Mace Street, Chula Vista, 91911",0,0,8:00am - 5:00pm,Daily,True,Unknown,[],Unknown,Unknown,1703891400.79689,1703891400.79689
Otay Valley Regional Park Rios Staging Area ADA Portable Toilet,"1769 Rios Ave, Chla Vista 91911 but this is located with in the SD municipality",0,0,24 hrs.,M-W-F,True,Unknown,[],Unknown,Unknown,1703891400.79689,1703891400.79689
Torrey Pines Golf Course - On-Course Restroom - North #1,"11480 N. Torrey Pines Rd., 92037",0,0,Dawn to Dusk,2x/day,True,Unknown,[],Unknown,Unknown,1703891400.79689,1703891400.79689
Torrey Pines Golf Course - On-Course Restroom - North #2,"11480 N. Torrey Pines Rd., 92037",0,0,Dawn to Dusk,2x/day,True,Unknown,[],Unknown,Unknown,1703891400.79689,1703891400.79689
Torrey Pines Golf Course - On-Course Restroom - South #1,"11480 N. Torrey Pines Rd., 92037",0,0,Dawn to Dusk,2x/day,True,Unknown,[],Unknown,Unknown,1703891400.79689,1703891400.79689
Torrey Pines Golf Course - On-Course Restroom - South #2,"11480 N. Torrey Pines Rd., 92037",0,0,Dawn to Dusk,2x/day,True,Unknown,[],Unknown,Unknown,1703891400.79689,1703891400.79689
Mission Trails Regional Park Barker Way (Portable Toilet),"6900 Barker Way, 92119",0,0,24 hrs.,3x/week,True,Unknown,[],Unknown,Unknown,1703891400.79689,1703891400.79689
Marian Bear Park Comfort Station West of Regents,Just west of Regents Road and south of State Route 52,0,0,24 hrs.,2x/day,True,Unknown,[],Unknown,Unknown,1703891400.79689,1703891400.79689
City College Campus Building A,"1313 Park Boulevard, 92101",0,0,6:00am - 5:00pm Mon-Thu,Unknown,True,Unknown,[],Unknown,Unknown,1703891400.79689,1703891400.79689
1000,Morena Blvd & Tecolote Rd,0,0,"1350 Morena Blvd, San Diego, CA 92110",Unknown,True,Unknown,[],Unknown,Unknown,1703891400.79689,1703891400.79689
50,Presidio Park,0,0,"4398 Taylor St, San Diego, CA 92110",Unknown,True,Unknown,[],Unknown,Unknown,1703891400.79689,1703891400.79689
35,Ocean Beach Pier,0,0,"5091 Niagara Avenue, San Diego, CA 92107",Unknown,True,Unknown,[],Unknown,Unknown,1703891400.79689,1703891400.79689
996,Old Town State Historic Park - Parking Lot A,0,0,"2749 Congress Street, San Diego, CA 92110",Unknown,True,Unknown,[],Unknown,Unknown,1703891400.79689,1703891400.79689
994,Balboa Park - 6th Ave & Thorn St,0,0,"3241 Sixth Ave, San Diego, CA 92103",Unknown,True,Unknown,[],Unknown,Unknown,1703891400.79689,1703891400.79689
995,Balboa Park - 6th Ave & Grape St,0,0,"1998 Sixth Ave, San Diego, CA 92101",Unknown,True,Unknown,[],Unknown,Unknown,1703891400.79689,1703891400.79689
1006,Sports Arena Blvd - near Airport parking (2 of 2),0,0,"2652 Sports Arena Blvd, San Diego, CA 92110",Unknown,True,Unknown,[],Unknown,County of San Diego,1703891400.79689,1703891400.79689
384,Saturn Blvd & Boundary Ave,0,0,"501 Saturn Blvd, San Diego, CA 92154",Unknown,True,Unknown,[],Unknown,Unknown,1703891400.79689,1703891400.79689
1005,Sports Arena Blvd - near Goodwill (1 of 2),0,0,"2670 Sports Arena Blvd, San Diego, CA 92110",Unknown,True,Unknown,[],Unknown,County of San Diego,1703891400.79689,1703891400.79689
1002,Cudahy Pl & Grant St,0,0,"1033 Cudahy Pl, San Diego, CA 92110",24 hrs.,True,Unknown,[],Unknown,Unknown,1703891400.79689,1703891400.79689
Little Italy,805 W. Cedar St,0,0,Unknown,Unknown,True,Unknown,[],City of San Diego,Unknown,1703891400.79689,1703891400.79689
Children’s Park,"326 W Harbor Dr, 92101",0,0,24 hrs.,"2x/day (morning/afternoon), afternoon as needed",True,Unknown,[],City of San Diego,Unknown,1703891400.79689,1703891400.79689
NW corner @ 10th & Broadway,"1045 Ninth Avenue, San Diego, CA 92101",0,0,24 hrs.,2x/day,True,Unknown,[],City of San Diego,Unknown,1703891400.79689,1703891400.79689
NE corner @ Park & Broadway,"1200 Broadway, San Diego, CA 92101",0,0,24 hrs.,2x/day,True,Unknown,[],City of San Diego,Unknown,1703891400.79689,1703891400.79689
NE wall on 7th Ave & E Street,"707 Broadway Ave, San Diego, CA 92101",0,0,24 hrs.,2x/day,True,Unknown,[],City of San Diego,Unknown,1703891400.79689,1703891400.79689
NE wall on 15th Ave & F Street,"776 15th Street, San Diego, CA 92101",0,0,24 hrs.,2x/day,True,Unknown,[],City of San Diego,Unknown,1703891400.79689,1703891400.79689
South wall on K Street & 15th Street,"1425 K Street, San Diego, CA 92101",0,0,24 hrs.,2x/day,True,Unknown,[],City of San Diego,Unknown,1703891400.79689,1703891400.79689
11th/K St/Park Blvd,"315 11th Ave, San Diego, CA 92101",0,0,24 hrs.,2x/day,True,Unknown,[],City of San Diego,Unknown,1703891400.79689,1703891400.79689
"17th Street, midblock between Commercial St & Logan Avenue","119 17th St, San Diego, CA 92101",0,0,24 hrs.,2x/day,True,Unknown,[],City of San Diego,Unknown,1703891400.79689,1703891400.79689
NW corner @ 2nd Ave & Cedar,"1628 2nd Avenue, San Diego, CA 92101",0,0,24 hrs.,2x/day,True,Unknown,[],City of San Diego,Unknown,1703891400.79689,1703891400.79689
"North wall on F Street, midblock between 7th & 8th","732 F St, San Diego, CA 92101",0,0,24 hrs.,2x/day,True,Unknown,[],City of San Diego,Unknown,1703891400.79689,1703891400.79689
West wall on 19th St & Commercial Ave,"101 19th Street, San Diego, CA 92101",0,0,24 hrs.,2x/day,True,Unknown,[],City of San Diego,Unknown,1703891400.79689,1703891400.79689
SE corner 16th & National Ave,"1572 National Ave, San Diego CA 92101",0,0,24 hrs.,2x/day,True,Unknown,[],City of San Diego,Unknown,1703891400.79689,1703891400.79689
Island Ave at 19th Street,"1845 Island Ave, San Diego, CA 92101",0,0,24 hrs.,2x/day,True,Unknown,[],City of San Diego,Unknown,1703891400.79689,1703891400.79689
G Street & 10th Avenue,"1009 10th Avenue, San Diego, CA 92101",0,0,24 hrs.,2x/day,True,Unknown,[],City of San Diego,Unknown,1703891400.79689,1703891400.79689
UCSD Central Campus Station,"San Diego, CA 92093",0,0,Unknown,Unknown,True,Unknown,[],UCSD,Unknown,1703891400.79689,1703891400.79689
UCSD Health La Jolla Station,"San Diego, CA 92037",0,0,Unknown,Unknown,True,Unknown,[],UCSD,Unknown,1703891400.79689,1703891400.79689
Old Town (inside A-mart),"4009 Taylor St, San Diego, CA 92110",0,0,Unknown,Unknown,True,Unknown,[],A-Mart,Unknown,1703891400.79689,1703891400.79689
12th & Imperial Transit Center (inside Mills Building),"Trolley Plaza, San Diego, CA 92101",0,0,Unknown,Unknown,True,Unknown,[],Mills Building,Unknown,1703891400.79689,1703891400.79689
San Ysidro (at CBP facility and pay restrooms inside McDonald’s Building & along Rail Court),"727 E San Ysidro Blvd, San Ysidro, CA 92173",0,0,24 hrs,Unknown,True,Unknown,[],Unknown,Unknown,1703891400.79689,1703891400.79689
